ID,SVI_1,SVI_2,SVI_3,SVI_4,SVI_5,SVI_6,SVI_7,SVI_8,SVI_9,SVI_10,SVI_11,SVI_12,SVI_13,SVI_14,SVI_15,SVI_16,SVI_17,SVI_18,SVI_19,SVI_20,SVI_21,SVI_22,SVI_23,SVI_24,SVI_25,SVI_26,SVI_27,SVI_28,SVI_29,SVI_30,SVI_31,SVI_32,SVI_33,SVI_34,SVI_35,SVI_36,SVI_37,SVI_38,SVI_39,SVI_40,SVI_41,SVI_42,SVI_43,SVI_44,SVI_45,SVI_46,AGE_MONTHS,SEX
1,5,3,2,6,4,5,6,2,4,7,5,4,5,7,6,7,2,7,3,5,5,5,3,2,5,4,4,4,5,5,4,6,7,5,6,7,7,5,7,7,4,7,3,6,5,6,216,1
2,7,4,1,7,3,5,6,2,5,6,6,6,6,2,6,5,1,1,6,7,4,7,4,2,6,7,5,5,6,4,7,7,7,7,7,6,7,4,7,6,2,5,6,6,7,5,216,0
3,3,2,3,4,5,4,5,3,4,6,4,5,4,2,4,5,4,2,3,2,4,5,1,3,1,5,4,4,4,2,5,5,5,5,4,3,4,2,5,5,4,3,6,5,5,5,216,1
4,7,6,4,6,4,6,7,5,7,6,5,7,6,3,6,6,1,3,7,5,7,6,7,7,6,7,3,5,3,4,4,7,7,7,7,5,7,1,6,5,4,7,6,6,7,7,264,0
5,6,7,4,6,4,6,4,5,7,6,6,6,6,4,3,6,4,7,6,6,5,6,4,5,6,7,6,4,4,5,4,6,6,6,6,5,5,2,5,4,4,6,5,6,5,5,216,1
6,7,7,4,6,6,7,6,5,6,6,6,6,5,3,1,7,1,1,4,5,4,6,5,6,3,7,4,1,3,2,3,6,5,7,6,4,5,1,6,7,3,6,7,7,7,7,228,1
7,5,7,5,5,6,6,6,5,7,7,4,6,5,6,5,7,2,5,6,6,6,5,6,5,4,7,3,4,5,6,7,6,7,7,7,5,7,2,6,6,4,7,3,4,6,6,240,0
8,2,4,2,2,3,3,2,2,1,2,2,1,2,2,2,2,2,2,3,1,1,3,5,7,2,2,2,6,2,2,2,1,4,2,5,4,2,4,2,4,3,2,2,5,6,2,264,0
9,7,6,1,1,6,1,7,1,5,6,2,2,1,1,6,6,1,1,1,1,1,5,5,7,1,7,1,5,6,1,2,6,1,7,7,6,7,6,7,6,1,7,2,6,5,4,216,1
10,3,4,1,2,1,1,4,1,7,4,5,5,4,6,2,3,2,1,4,1,4,7,2,3,7,4,4,1,3,1,2,5,2,5,5,6,7,3,5,4,2,3,2,7,7,1,228,1
11,5,3,4,5,2,4,5,4,6,7,6,5,5,3,5,5,1,1,5,4,4,5,3,5,6,6,3,3,4,4,3,5,4,6,6,5,5,4,3,4,3,5,6,5,5,5,252,0
12,7,6,6,5,6,6,7,4,6,6,7,6,5,5,6,7,6,5,6,6,6,5,4,6,4,7,6,1,3,6,5,7,5,6,7,5,7,2,6,5,5,7,6,6,6,5,216,1
13,6,5,5,6,6,4,5,6,7,6,4,7,5,3,4,7,2,1,6,6,2,6,6,4,6,7,4,4,5,4,6,6,6,7,6,5,6,3,5,6,4,7,7,7,7,6,240,0
14,7,7,5,6,6,5,7,5,6,6,6,5,6,5,2,3,1,2,5,5,4,6,3,6,6,6,4,5,2,5,6,5,6,5,5,6,7,2,7,6,5,6,6,5,6,5,216,0
15,6,5,2,5,6,6,6,4,6,6,5,6,4,2,3,6,4,1,3,5,3,6,2,4,6,6,2,3,4,3,4,5,3,5,4,5,7,4,6,4,1,5,3,5,5,5,216,0
16,5,4,4,6,3,5,5,4,5,5,5,5,4,4,4,4,1,7,5,5,4,4,2,5,3,6,2,1,2,1,1,4,5,4,5,4,4,1,5,4,2,5,5,4,5,5,216,1
17,6,5,6,6,5,5,5,6,7,6,6,6,7,5,4,5,5,4,7,7,7,6,6,5,7,6,6,4,4,6,6,6,6,7,7,5,7,4,6,6,5,7,6,5,6,6,228,1
18,6,6,5,7,6,5,5,7,7,7,7,7,4,7,2,7,7,4,7,7,7,7,6,6,7,7,6,3,4,5,5,6,6,6,6,5,7,5,7,7,7,6,6,6,7,7,228,1
19,7,7,4,7,6,7,7,6,7,6,6,6,5,3,5,4,5,1,6,4,6,5,4,3,6,5,5,6,4,4,5,7,7,7,6,5,6,2,5,6,4,5,7,7,6,7,288,0
20,6,6,5,6,6,6,6,5,7,6,6,4,6,4,3,6,4,1,5,5,4,5,5,6,1,6,2,1,2,3,3,6,4,5,5,4,5,3,6,6,6,6,6,6,6,6,228,1
21,6,6,5,3,6,6,6,6,7,5,6,6,6,3,4,5,1,1,4,4,5,5,4,5,5,7,6,5,3,5,5,6,7,6,6,4,6,3,6,6,4,6,5,5,5,5,252,0
22,3,5,2,6,1,3,5,1,7,6,3,6,4,6,4,4,3,7,4,5,5,4,4,6,5,5,6,4,4,6,5,5,5,7,5,3,1,1,4,7,3,3,2,4,4,3,252,0
23,6,3,2,5,4,4,6,3,4,5,6,5,3,3,4,4,2,1,6,4,5,5,5,5,3,6,3,3,6,4,5,6,6,6,7,4,5,1,5,6,3,6,5,5,5,6,228,0
24,4,4,3,6,4,6,6,4,7,6,7,6,6,4,3,5,4,1,6,6,7,7,4,4,5,7,2,6,5,6,6,5,5,6,7,5,6,5,6,4,4,4,5,5,5,5,228,1
25,6,6,2,5,4,3,4,4,6,6,6,6,6,3,3,5,2,1,2,4,4,5,3,3,5,6,2,4,5,4,5,6,6,5,6,6,7,5,7,5,5,7,5,6,7,4,240,1
26,7,7,2,6,3,6,7,4,7,7,6,7,7,2,3,6,4,2,7,5,5,7,3,3,4,7,3,2,3,4,6,6,3,6,6,5,7,2,6,5,6,7,4,5,7,5,216,0
27,6,7,4,5,4,5,7,5,6,6,6,7,5,3,5,5,4,1,5,5,5,6,5,5,4,7,4,4,4,3,5,6,6,6,6,5,6,3,5,4,2,6,3,3,7,5,240,0
28,4,6,2,6,5,7,5,4,6,7,5,7,6,4,7,7,6,7,7,6,7,5,3,4,6,6,4,2,4,3,5,7,6,6,6,3,6,3,2,5,3,6,7,6,5,2,228,0
29,7,7,5,6,5,6,6,5,6,6,5,5,5,6,4,4,4,2,5,5,4,6,6,6,7,7,5,6,6,6,7,6,6,6,7,6,5,6,7,6,6,7,5,6,5,6,216,1
30,6,6,1,6,2,5,5,4,4,7,6,6,6,5,3,6,3,1,3,6,5,6,5,4,3,7,3,1,4,2,4,4,2,7,6,3,4,1,2,3,1,4,3,4,5,3,252,1
31,4,5,1,7,2,5,4,1,6,5,5,6,4,3,2,5,3,4,3,6,4,5,4,6,5,7,4,4,5,4,5,7,4,5,6,6,6,5,3,6,1,3,2,5,4,6,252,1
32,7,7,1,6,3,4,7,3,7,7,6,7,5,4,4,4,4,4,6,7,4,6,5,4,5,7,5,7,5,5,7,7,7,7,7,7,7,5,7,6,5,7,7,7,7,4,240,1
33,6,6,5,5,5,4,6,4,5,5,5,6,6,2,3,6,2,1,5,4,4,6,3,2,5,6,4,1,3,2,4,5,4,6,4,5,6,2,6,5,4,6,5,6,6,4,216,1
34,3,3,1,6,2,2,2,1,4,7,3,6,7,2,7,7,2,2,6,5,4,6,2,1,4,7,5,1,7,3,7,7,1,5,7,6,7,5,4,2,2,6,3,7,3,2,216,0
35,7,7,7,6,7,7,7,6,7,7,7,7,7,6,6,7,7,3,6,7,7,5,6,7,3,7,6,3,5,5,7,7,7,6,7,6,7,1,7,7,5,7,7,7,7,7,252,1
36,6,6,1,5,5,6,7,5,6,6,5,6,5,4,3,5,2,5,6,5,5,6,6,6,4,7,5,3,5,4,5,6,5,5,6,5,5,4,5,6,4,6,5,6,5,5,240,1
37,4,7,4,7,6,4,7,5,5,6,5,3,6,1,3,5,6,2,2,4,3,2,5,3,5,6,3,3,4,4,5,3,4,5,6,3,3,1,6,6,5,6,6,5,6,5,216,0
38,7,6,1,6,6,5,6,4,7,7,6,7,6,5,2,5,5,1,6,4,5,6,5,6,3,6,5,6,7,5,7,6,5,4,7,4,7,3,6,7,4,7,5,7,6,3,216,1
39,3,2,4,7,5,5,4,5,7,4,4,5,4,5,2,5,3,3,4,6,4,5,5,5,6,5,3,4,6,4,4,6,5,5,6,5,7,3,6,5,5,5,4,5,5,5,228,0
40,6,4,4,6,5,5,6,3,7,6,6,6,6,5,4,5,4,4,6,7,6,6,5,5,5,7,4,6,5,5,6,6,6,5,6,6,7,3,5,5,2,6,5,6,6,6,228,1
41,6,6,4,6,3,6,6,4,5,5,5,5,6,1,5,5,1,1,6,3,2,4,3,2,3,5,4,5,4,4,3,5,6,5,6,4,4,2,6,5,3,5,4,6,6,5,228,0
42,7,7,2,5,3,5,6,3,7,7,6,5,6,5,2,7,2,1,4,4,2,6,4,2,5,7,6,1,4,4,7,7,6,6,6,3,7,1,6,4,5,6,4,6,7,6,216,1
43,5,5,4,5,4,3,5,5,5,4,6,6,4,6,5,6,4,4,5,5,5,5,4,5,6,5,6,4,4,6,4,5,5,5,6,6,6,1,6,4,6,5,4,6,6,4,216,1
44,5,2,2,3,3,3,4,4,6,5,3,4,4,3,5,5,1,1,3,4,2,5,2,3,3,7,2,3,4,3,6,3,3,3,6,6,5,4,4,3,3,4,4,4,3,3,240,1
45,4,4,4,6,6,6,7,4,6,6,6,6,5,4,5,5,4,2,6,7,6,6,6,6,6,7,5,5,7,6,6,7,6,6,7,5,5,3,6,3,4,7,6,6,4,5,216,0
46,5,7,1,7,3,7,4,4,7,7,7,7,6,5,1,7,1,7,7,7,4,7,7,5,7,7,4,4,6,5,7,7,7,7,7,5,5,3,7,7,5,7,7,7,7,5,216,1
47,7,7,4,7,5,7,7,7,7,7,7,7,7,7,7,7,7,1,7,7,6,7,7,7,7,7,7,4,6,4,7,7,6,7,7,7,7,4,7,7,6,7,7,4,6,7,216,1
48,7,4,4,7,5,6,7,2,7,7,7,7,6,4,5,7,7,7,7,5,7,6,7,7,7,7,7,4,5,4,7,7,7,7,7,4,2,2,7,3,5,5,5,7,7,7,216,1
49,5,5,3,5,4,5,7,4,6,6,5,6,6,4,1,4,3,1,6,5,6,6,3,4,5,7,4,2,5,4,5,6,5,5,6,6,7,1,7,7,4,6,5,4,5,5,228,1
50,7,3,1,2,1,5,4,1,7,5,7,7,6,1,3,3,1,6,5,5,2,5,1,1,4,6,2,2,2,3,4,7,7,6,6,5,7,3,6,2,4,7,1,7,6,2,252,1
51,7,7,5,2,5,7,6,6,6,6,7,5,6,3,2,5,1,1,5,3,4,4,4,6,7,7,5,2,4,4,5,7,5,6,7,6,7,2,7,6,2,7,5,3,6,5,228,0
52,5,4,2,6,4,4,7,1,7,7,7,6,7,2,2,5,4,1,6,4,2,6,2,2,6,5,4,2,1,2,3,6,4,7,7,4,6,3,6,6,4,6,5,7,5,4,252,0
53,7,7,2,7,5,6,7,5,7,7,6,7,5,4,5,4,3,2,4,5,4,7,5,5,3,7,4,1,3,2,2,4,6,4,6,5,5,1,4,4,3,7,6,7,7,7,216,0
54,7,4,1,5,6,5,7,1,7,7,6,7,5,3,1,5,4,1,1,7,4,4,1,1,4,6,1,1,1,4,4,5,5,1,4,4,5,1,4,2,1,3,1,6,6,1,228,0
55,7,6,3,5,4,6,6,4,7,7,6,5,7,4,3,6,5,7,5,6,6,6,5,4,4,7,5,3,4,4,4,5,4,6,6,4,7,2,5,4,3,5,3,5,6,4,240,1
56,6,5,4,5,5,4,5,4,5,6,4,6,5,4,2,6,4,1,5,4,6,5,3,5,5,7,4,4,4,5,4,7,4,7,5,5,6,4,6,6,4,6,7,5,6,5,228,1
57,4,3,2,4,5,4,3,3,5,5,4,4,4,4,3,4,3,6,5,4,4,5,4,4,5,5,3,3,4,3,5,5,3,5,5,4,5,3,5,5,4,4,3,4,4,4,228,1
58,5,5,5,5,6,6,6,6,6,5,7,6,5,3,2,6,5,2,5,6,5,6,5,6,5,6,5,2,4,5,4,5,4,5,6,6,7,3,6,5,5,6,5,6,6,5,216,0
59,7,5,6,7,3,6,4,4,7,7,7,7,6,7,1,7,1,7,7,7,7,7,6,7,7,7,4,1,4,6,6,7,6,7,7,4,3,1,4,5,4,6,2,7,7,6,228,0
60,7,3,1,7,3,6,7,3,5,7,7,6,6,2,3,6,2,1,5,6,3,7,4,4,6,6,5,1,5,4,6,7,6,6,7,6,7,2,6,6,6,7,6,7,7,5,216,0
61,4,7,1,5,2,5,7,7,7,7,6,7,5,6,2,3,2,7,4,7,7,7,1,7,7,7,7,2,4,4,6,6,5,6,5,4,7,1,7,7,3,7,3,6,7,5,240,1
62,5,5,5,6,5,5,5,5,6,6,5,6,5,3,3,5,4,1,5,4,3,5,4,6,5,6,5,4,4,5,4,5,5,5,6,5,6,2,5,5,4,5,4,6,5,5,252,0
63,7,4,4,5,5,7,7,4,7,7,7,5,4,2,3,4,1,2,2,3,3,6,3,3,4,7,2,4,5,4,5,7,7,6,6,6,7,4,6,5,4,6,7,7,7,6,228,0
64,7,7,4,6,6,6,7,5,7,7,7,7,7,2,2,7,4,1,6,6,5,5,5,6,2,7,3,3,4,4,4,6,5,6,5,7,7,4,7,7,5,7,6,6,7,7,240,1
65,4,3,3,4,2,5,3,4,5,6,6,5,6,3,4,6,4,5,4,6,5,6,4,5,5,6,3,3,6,3,5,5,4,5,7,6,5,2,3,4,6,5,2,4,5,5,228,0
66,5,5,2,7,3,6,6,2,6,7,7,7,5,6,2,6,5,5,7,6,7,7,6,6,6,7,3,2,4,4,5,7,6,7,7,3,3,2,2,2,2,5,3,6,7,5,240,1
67,7,6,5,7,7,6,7,3,7,7,7,7,7,4,7,7,7,1,7,7,7,7,5,7,7,7,7,1,3,2,7,7,3,6,6,3,5,2,4,4,1,6,7,4,6,5,216,1
68,6,5,4,5,5,6,6,5,5,6,6,6,5,3,2,5,1,1,4,4,3,6,4,5,5,5,3,3,4,4,5,5,4,5,6,5,6,2,5,6,2,6,4,5,6,5,228,1
69,5,6,1,7,6,6,6,4,7,7,5,7,5,4,2,6,3,4,5,6,5,7,3,5,6,7,4,3,5,5,5,7,5,6,7,6,7,3,7,6,6,6,6,7,6,6,216,1
70,4,7,3,7,6,3,4,3,7,6,6,7,3,7,3,5,1,6,4,7,7,7,6,7,6,7,3,4,5,6,6,7,7,7,7,7,7,7,7,7,7,7,7,4,7,7,216,0
71,6,5,3,6,4,7,7,4,6,7,5,5,5,3,3,5,3,2,6,5,4,5,5,6,5,7,4,4,4,4,4,6,5,5,6,5,6,3,5,6,5,7,6,6,6,5,240,1
72,6,6,3,6,4,5,6,3,7,7,5,5,5,5,6,5,4,3,6,7,5,6,6,6,5,7,5,5,6,6,6,7,6,6,7,5,6,5,7,5,4,7,4,7,7,4,228,1
73,5,5,4,5,4,6,5,6,6,7,6,6,5,4,4,6,4,3,6,6,6,5,5,5,6,7,6,3,4,5,4,6,5,6,7,5,6,3,4,5,3,5,4,6,6,5,240,1
74,7,NA,NA,NA,7,6,7,5,6,7,6,7,6,5,NA,6,4,1,NA,6,NA,7,5,4,6,7,5,NA,NA,4,6,7,5,7,7,7,7,5,7,NA,5,7,7,7,7,6,NA,NA
75,6,2,1,6,2,4,6,2,7,7,6,6,6,4,4,6,5,4,5,6,5,6,3,3,6,7,5,4,4,5,5,7,5,7,7,7,7,3,6,5,4,6,4,7,7,5,240,1
76,6,5,1,5,3,6,6,2,7,7,5,6,5,2,4,5,5,1,5,5,5,5,5,7,5,7,4,4,5,4,6,7,6,7,6,7,7,3,6,5,4,7,3,7,6,2,216,1
77,5,6,3,6,3,6,7,2,5,5,7,5,7,5,3,7,6,7,5,5,6,6,1,3,6,6,1,1,2,3,1,7,6,7,5,3,4,3,5,3,3,5,3,4,3,6,240,0
78,7,7,3,7,5,7,7,6,7,7,7,7,7,7,5,7,7,1,7,7,7,7,5,7,7,7,7,7,7,5,6,7,7,7,7,7,7,7,7,7,7,7,5,7,7,7,216,1
79,6,4,4,6,4,7,4,5,7,7,5,6,4,6,1,4,1,6,5,7,3,6,4,6,5,7,2,4,5,5,4,7,6,6,5,5,6,1,6,6,5,7,6,4,7,5,240,0
80,6,6,4,5,4,7,7,4,5,7,6,7,5,2,2,5,1,6,4,5,5,6,4,7,7,7,4,2,4,3,5,7,6,7,7,3,5,1,6,5,3,7,5,7,6,6,216,0
81,4,6,3,6,5,2,4,3,6,5,6,5,6,4,4,6,5,7,5,5,5,6,5,5,4,7,3,2,4,3,6,5,5,5,6,4,5,4,5,5,3,6,3,5,5,4,240,1
82,7,7,4,7,7,6,7,5,6,7,7,7,6,4,3,7,2,1,5,6,5,7,5,5,5,7,5,4,4,5,6,7,7,7,7,7,7,3,6,7,5,5,7,7,7,6,216,1
83,6,5,5,7,7,5,7,4,7,7,3,7,7,2,2,6,4,1,5,5,3,6,4,5,6,7,6,4,3,4,3,6,4,7,6,6,7,1,6,6,3,7,6,7,7,5,240,1
84,6,6,5,6,6,6,6,6,6,6,6,6,6,7,6,6,6,6,6,6,6,6,6,6,6,6,6,6,6,6,6,6,6,6,6,6,6,6,6,7,6,6,6,6,6,6,216,0
85,5,5,3,6,6,6,6,5,6,7,6,6,6,4,3,4,3,3,5,6,3,6,4,5,4,6,5,2,3,4,3,6,5,6,5,5,5,1,5,5,6,5,5,6,5,6,240,1
86,5,6,4,6,6,5,4,4,6,6,6,6,5,3,4,6,5,2,5,5,5,6,5,5,6,7,4,3,5,4,5,7,4,7,7,5,5,2,6,6,4,6,6,7,6,6,228,1
87,3,2,2,4,2,2,3,3,5,5,4,5,4,2,4,4,5,6,4,4,1,4,1,1,2,5,1,1,1,4,1,4,3,4,5,2,3,1,3,4,3,3,4,5,4,2,216,1
88,6,5,2,6,4,7,7,4,7,7,6,6,6,4,4,6,6,3,6,6,7,6,3,2,5,7,4,1,3,3,4,7,5,6,6,5,7,4,4,6,3,5,7,7,7,5,228,1
89,6,7,3,5,5,5,5,5,7,7,5,6,6,5,2,5,4,5,6,5,5,6,5,7,5,7,7,4,6,5,6,7,4,7,7,5,7,3,6,5,3,7,5,5,6,5,216,1
90,6,5,3,6,4,6,6,3,7,6,7,7,6,4,5,6,3,3,5,5,4,5,4,3,4,7,3,4,5,6,4,6,6,6,6,5,5,2,4,3,5,5,6,6,6,4,228,1
91,5,5,3,6,4,5,6,5,7,6,6,5,6,5,2,6,4,6,4,5,4,6,2,4,6,6,4,4,4,3,5,2,3,5,4,5,4,1,6,6,5,5,6,5,5,5,216,1
92,7,4,1,5,4,6,5,4,5,6,5,5,4,1,1,5,1,1,6,2,1,3,5,7,5,7,1,3,4,4,3,5,6,1,7,5,6,1,6,6,4,7,6,6,5,5,240,0
93,7,7,6,7,5,7,7,5,7,7,6,7,6,3,6,7,7,7,6,7,7,7,6,5,7,7,2,2,2,6,6,7,3,7,7,4,7,3,7,7,6,7,6,7,7,6,252,0
94,6,5,5,6,3,6,6,5,5,5,6,7,5,3,5,5,3,5,5,5,4,6,2,3,6,6,4,5,3,5,2,5,4,7,5,4,4,2,5,5,5,6,4,7,5,5,228,1
95,5,3,2,6,3,4,5,4,4,6,4,6,4,4,4,5,4,1,5,4,5,5,3,3,3,6,4,3,4,4,3,5,5,4,6,4,5,2,5,4,2,5,3,5,5,3,216,1
96,7,6,5,7,6,7,6,5,7,7,7,7,7,6,1,7,5,7,7,7,7,7,7,7,4,7,6,1,3,6,2,7,7,7,6,6,7,2,7,6,7,7,7,7,6,6,252,1
97,7,7,6,7,7,7,7,6,7,7,7,7,6,7,3,7,4,6,5,6,5,7,6,7,6,7,5,2,5,5,6,7,7,6,6,5,7,1,7,6,6,7,7,7,7,6,240,1
98,3,2,1,4,2,2,3,3,5,6,5,7,4,3,2,4,4,1,7,4,4,3,3,5,5,3,2,1,4,2,6,7,4,7,7,3,5,1,2,4,1,3,1,3,7,6,240,1
99,7,5,2,3,5,7,7,2,7,7,7,7,6,4,3,7,6,1,4,7,5,7,1,5,5,7,6,1,5,5,6,6,4,6,5,6,7,4,6,5,7,7,5,5,6,5,216,1
100,7,6,3,6,5,6,7,3,7,7,7,7,5,4,4,6,3,1,5,6,3,6,5,6,6,7,3,2,3,6,4,6,5,5,7,4,6,2,4,5,3,6,5,7,6,5,216,1
101,6,7,3,5,5,7,7,4,7,7,7,6,7,3,3,6,5,3,4,6,5,7,2,3,2,7,3,1,3,4,2,7,5,3,5,4,7,1,5,3,4,5,6,4,6,5,228,1
102,6,5,4,7,5,7,6,5,6,7,7,6,7,5,3,6,4,7,5,6,5,5,5,6,4,7,6,3,3,4,4,6,5,5,5,4,5,1,5,4,4,5,4,6,4,3,264,1
103,5,5,1,6,3,2,6,2,7,7,6,7,4,4,2,6,4,2,5,5,3,5,4,4,6,7,4,2,5,3,5,6,5,6,6,5,6,2,5,4,4,6,4,6,6,4,216,1
104,7,7,2,6,4,7,6,5,6,7,5,6,5,5,4,5,4,4,6,7,5,7,4,5,4,7,5,4,4,4,5,7,4,6,7,4,6,4,5,6,4,6,5,7,7,5,228,1
105,4,5,1,5,4,6,5,3,6,4,5,6,5,2,4,6,4,1,3,5,4,6,4,4,5,7,6,6,4,4,5,5,3,5,6,7,4,5,7,5,6,6,6,6,4,6,216,0
106,NA,NA,NA,NA,NA,6,NA,3,NA,6,NA,4,NA,NA,NA,NA,5,7,NA,NA,NA,6,NA,NA,5,NA,NA,NA,NA,NA,4,NA,NA,7,NA,NA,6,NA,NA,NA,NA,6,7,NA,7,NA,NA,NA
107,6,6,5,7,6,7,7,7,7,7,7,7,7,6,4,5,1,4,7,7,3,7,6,7,6,7,6,7,6,7,7,7,7,7,7,6,7,1,7,5,5,7,5,7,5,6,240,0
108,7,5,2,6,5,7,6,5,6,6,5,5,4,3,5,5,4,5,5,6,5,6,4,4,5,7,6,3,4,4,6,6,4,5,6,6,6,4,6,3,1,6,6,5,5,5,216,1
109,6,4,3,7,5,5,7,5,7,6,6,6,5,2,6,5,3,1,5,2,5,4,2,5,5,4,3,2,4,5,4,4,5,6,4,5,5,2,4,6,3,6,4,6,7,4,228,1
110,6,6,3,6,4,2,6,4,6,6,4,5,4,4,4,5,6,3,6,5,5,5,5,5,4,6,5,5,5,5,6,6,5,7,6,6,7,5,6,6,4,6,5,7,6,6,240,0
111,5,6,4,5,6,4,6,4,6,7,5,6,5,6,3,6,4,4,5,6,6,5,5,5,6,7,5,5,5,5,5,6,6,5,6,5,7,4,6,6,5,6,5,5,5,5,216,1
112,6,5,4,6,5,6,6,6,6,7,6,6,5,4,4,7,4,4,5,6,3,5,6,5,5,7,4,3,4,4,4,6,5,6,6,4,5,3,6,6,4,6,6,7,7,6,228,1
113,6,6,5,7,6,7,6,5,7,7,7,7,6,4,3,5,1,1,5,6,5,6,5,7,4,7,6,1,4,5,4,7,6,6,7,5,6,1,6,6,4,7,5,6,7,6,252,1
114,5,6,5,6,5,5,6,4,5,6,6,5,6,5,4,4,2,2,4,5,4,5,5,5,5,5,4,4,5,4,5,5,4,5,6,6,6,1,6,5,6,5,4,5,6,6,264,0
115,6,4,3,5,4,2,5,3,5,5,5,5,5,3,4,5,4,2,5,5,5,5,4,4,5,5,4,3,4,4,6,5,5,5,7,5,6,2,6,4,5,6,5,5,5,6,216,1
116,6,3,3,4,4,5,6,3,5,5,5,5,4,2,3,4,3,1,4,5,5,6,4,4,4,5,2,4,3,4,4,6,4,6,5,5,6,2,5,4,3,6,4,5,4,3,252,1
117,6,5,4,5,6,5,7,5,6,5,6,6,5,5,5,6,3,4,5,5,5,5,3,3,4,5,5,2,4,4,6,4,4,5,5,4,4,2,4,5,4,5,5,4,3,5,240,0
118,7,5,7,4,6,4,6,7,4,5,5,6,3,2,4,4,1,1,3,3,4,5,5,4,5,4,7,4,5,3,5,5,4,5,6,5,5,1,4,4,3,7,7,4,4,4,216,1
119,5,6,4,5,4,6,6,5,5,5,6,4,6,4,3,4,3,2,4,5,3,5,3,3,5,5,5,2,3,3,3,3,4,5,4,4,5,2,4,5,3,4,3,5,4,5,252,0
120,4,4,1,4,2,3,5,3,6,6,4,5,4,2,3,5,5,2,4,5,5,4,3,4,3,5,4,1,3,3,5,5,4,5,5,3,5,1,3,3,1,4,4,5,5,3,216,1
121,7,5,2,7,5,7,7,1,7,7,5,7,3,6,2,6,2,5,7,7,7,5,5,5,7,7,7,1,6,4,7,7,7,7,7,5,7,2,6,6,4,7,3,7,7,5,216,1
122,1,6,4,7,4,1,3,2,5,4,1,7,4,5,5,2,1,7,7,7,6,6,1,5,4,7,6,5,6,7,4,7,4,7,7,5,6,3,6,5,2,6,4,7,7,4,228,1
123,5,5,5,7,6,6,6,5,6,6,7,6,5,6,6,6,6,5,7,7,6,7,6,6,7,7,5,4,6,5,7,7,7,7,7,5,6,5,7,7,6,6,4,6,7,6,216,1
124,7,3,3,4,4,4,7,5,7,7,7,7,7,3,4,5,4,5,6,7,7,6,2,6,7,7,4,3,4,4,2,5,4,6,4,3,7,2,4,4,5,7,5,2,5,5,240,0
125,4,3,2,6,3,3,4,5,5,4,4,7,3,3,5,3,2,2,6,4,6,4,5,4,6,5,5,6,5,7,6,7,6,7,7,5,5,1,5,5,4,6,4,6,6,5,240,0
126,7,7,6,7,6,7,7,6,7,7,7,7,6,6,5,7,5,6,6,7,6,6,6,5,7,7,7,1,3,2,5,7,6,7,7,6,7,2,6,7,2,6,6,6,6,4,240,1
127,6,5,6,3,2,7,5,3,5,1,6,1,3,4,3,3,1,6,3,5,3,5,5,3,5,4,6,2,5,2,2,4,5,3,4,3,1,5,2,5,4,5,2,6,3,4,240,0
128,6,5,5,6,6,6,5,5,6,7,5,6,6,5,6,5,4,5,5,6,6,6,3,3,4,7,4,2,2,2,4,5,4,5,4,3,5,2,5,5,5,5,6,4,4,6,216,1
129,5,5,4,6,4,6,6,4,6,6,6,6,6,4,3,5,4,4,6,5,4,5,5,5,5,6,4,3,3,5,6,7,5,6,6,5,6,4,5,6,5,6,6,5,6,6,216,0
130,3,5,1,3,2,4,4,2,5,5,4,6,2,6,5,5,2,5,6,7,5,5,4,4,6,7,6,2,5,4,4,4,2,5,5,4,5,1,4,1,3,4,3,4,2,5,240,1
131,5,5,4,5,6,4,6,5,5,5,5,6,5,6,4,5,3,1,5,5,5,4,5,4,5,7,4,4,5,4,5,6,4,6,5,5,5,3,5,5,2,6,5,6,5,4,228,1
132,6,5,4,5,6,6,7,5,6,6,6,6,6,4,3,5,3,1,4,5,5,5,4,6,6,6,3,2,4,3,5,6,4,5,5,6,6,4,6,5,5,6,6,6,5,5,216,1
133,6,4,2,7,3,4,6,3,6,5,7,7,6,5,7,6,4,1,6,4,5,5,4,2,6,5,7,6,6,6,6,7,6,7,7,5,4,2,6,3,3,6,5,7,6,7,252,1
134,6,4,1,6,2,7,5,1,7,7,6,5,6,3,3,6,2,1,4,4,5,5,1,5,7,5,4,2,3,5,6,6,6,5,6,5,6,1,6,7,5,6,5,3,7,5,252,1
135,6,3,4,5,2,4,6,4,6,6,5,6,4,1,5,5,1,1,5,3,4,3,4,4,6,5,3,2,5,4,6,5,3,5,5,5,6,1,6,4,5,6,5,6,5,5,228,0
136,7,6,3,4,4,7,7,4,6,6,7,6,6,3,4,6,4,1,4,5,6,6,4,4,6,5,4,3,5,4,3,5,6,6,5,6,5,1,5,5,4,5,6,6,5,5,264,1
137,7,7,7,7,7,7,7,7,7,7,7,7,7,7,4,7,7,3,7,7,7,7,7,5,7,7,4,2,4,5,3,7,5,7,7,4,5,3,5,7,5,7,7,6,7,7,216,0
138,7,7,4,6,5,7,7,5,7,7,7,6,5,4,5,6,2,3,6,6,4,5,5,5,6,7,4,3,3,4,3,7,6,5,6,3,7,1,6,5,4,7,5,6,7,3,216,1
139,3,4,4,6,3,6,4,4,7,7,5,7,7,4,6,6,4,7,7,6,4,6,4,3,7,7,4,3,5,4,7,7,7,7,7,7,7,4,6,7,4,7,4,7,7,4,216,0
140,5,5,5,7,6,4,6,4,6,5,6,6,5,4,3,6,4,2,6,6,4,6,4,2,6,5,5,3,4,3,5,7,4,6,5,5,6,5,6,7,6,6,6,6,6,6,228,1
141,6,3,2,5,4,4,6,3,6,6,4,7,5,3,2,5,2,1,5,4,2,6,3,3,4,7,4,4,5,5,3,7,4,7,7,4,7,2,5,5,5,6,5,7,6,5,240,1
142,6,6,3,6,3,4,7,3,6,7,7,6,7,4,6,5,5,7,6,6,4,6,5,5,2,7,5,4,2,6,7,5,7,5,5,2,2,1,2,5,2,6,5,6,6,5,228,1
143,7,5,4,6,5,7,6,4,7,7,6,6,7,4,2,5,4,7,5,7,5,7,6,6,5,7,6,2,4,5,5,6,6,6,7,5,5,1,7,5,5,7,5,7,6,5,240,1
144,6,7,2,7,7,7,5,2,4,3,5,5,5,2,1,3,3,2,7,3,3,2,4,5,3,7,3,4,4,4,4,6,6,7,7,4,6,6,6,6,6,7,5,7,7,7,216,1
145,7,6,4,6,5,7,7,6,7,7,7,5,7,5,3,6,4,2,6,7,4,7,3,7,4,7,3,1,4,4,5,5,4,6,7,6,7,1,7,5,4,7,5,7,7,7,228,1
146,3,4,3,6,4,4,3,3,6,4,3,5,4,3,2,4,3,4,3,5,3,4,3,5,4,5,4,3,5,3,4,5,5,4,6,4,6,4,5,5,5,4,3,4,4,5,228,0
147,6,6,4,6,6,6,6,5,7,6,6,6,6,4,5,5,4,6,6,7,6,6,3,6,6,7,6,1,4,4,4,7,5,6,5,6,6,3,5,4,5,6,6,6,6,6,216,1
148,5,4,1,5,6,6,6,2,6,6,5,6,5,5,3,5,1,4,5,5,6,6,6,4,5,5,5,6,6,7,6,7,7,7,6,6,6,5,7,7,6,7,6,7,6,6,240,1
149,5,5,5,6,6,4,4,6,5,5,5,5,5,5,5,4,5,6,6,5,6,4,5,4,5,5,4,6,5,5,6,5,5,6,5,5,5,6,6,5,4,4,5,5,6,5,228,0
150,5,5,4,6,4,5,6,4,6,6,6,6,6,2,3,6,1,1,5,4,2,5,4,3,5,7,3,5,3,4,5,7,7,6,7,5,6,2,7,7,6,6,5,5,6,6,252,0
151,7,7,3,7,4,7,7,6,6,6,7,5,6,4,7,6,5,3,6,5,4,7,4,4,6,7,4,1,3,3,5,7,5,6,6,4,5,2,4,4,2,5,5,4,4,7,252,1
152,6,6,6,6,6,5,6,5,7,5,6,4,6,2,2,5,1,5,5,5,5,5,3,4,4,7,3,5,4,5,4,4,5,6,5,4,6,4,4,4,5,6,6,5,4,6,240,0
153,6,6,2,5,4,6,7,4,7,5,6,3,7,2,2,5,1,3,2,5,2,6,2,3,5,5,3,1,5,3,5,3,5,2,5,4,4,4,4,3,1,5,3,4,5,3,216,1
154,7,6,5,6,6,7,6,6,6,6,6,5,5,5,3,5,2,4,4,5,4,5,4,3,6,6,3,4,4,4,5,6,6,5,6,5,6,4,6,6,2,6,6,5,6,6,264,1
155,7,5,5,7,7,5,5,6,7,5,3,7,5,5,5,7,5,4,7,2,6,7,7,7,7,7,4,3,5,7,5,5,7,7,7,7,7,2,6,5,5,5,7,7,6,6,216,0
156,7,7,4,7,6,7,6,5,5,7,7,6,6,4,4,5,1,4,5,6,4,5,4,3,5,7,4,1,4,4,4,7,5,7,6,4,7,2,5,6,4,7,6,6,7,4,264,1
157,5,5,3,5,4,5,4,5,4,4,5,5,5,4,6,6,5,3,5,6,4,5,5,3,6,7,5,4,5,2,5,6,4,6,5,5,5,2,4,3,2,4,5,4,3,4,228,1
158,4,6,2,6,5,6,4,2,6,6,5,6,4,6,1,5,5,5,5,6,6,6,5,7,5,7,5,4,5,4,5,7,7,7,7,6,6,5,4,5,3,6,7,7,6,2,228,1
159,NA,NA,NA,NA,5,NA,NA,NA,NA,NA,6,NA,NA,NA,NA,NA,NA,2,NA,NA,NA,NA,NA,NA,NA,NA,NA,5,NA,3,4,NA,NA,NA,NA,NA,NA,NA,NA,NA,NA,NA,NA,6,NA,NA,NA,NA
160,7,6,4,5,5,7,7,4,7,7,7,5,6,5,4,5,6,6,3,6,4,4,5,7,5,7,2,3,2,4,5,4,7,4,5,6,3,2,6,5,6,7,5,5,6,6,228,1
161,7,7,5,6,7,6,7,6,7,6,6,7,7,2,1,7,5,1,7,7,7,7,4,5,4,7,4,2,2,7,4,6,7,7,7,4,7,3,7,7,5,7,6,5,7,7,228,1
162,7,7,1,7,5,6,7,7,7,7,7,7,7,5,3,7,7,7,5,5,3,5,7,7,7,7,6,3,1,7,6,7,6,7,7,7,7,3,5,7,7,7,7,7,7,7,228,0
163,7,7,1,6,4,7,6,3,6,6,6,6,5,2,1,5,1,1,4,7,4,5,1,6,4,7,2,5,5,5,4,6,7,6,6,5,6,2,6,6,5,6,7,6,6,4,252,1
164,7,6,6,7,7,6,7,4,6,7,6,7,6,6,4,5,3,2,6,7,6,6,3,5,6,7,5,4,5,6,7,6,7,6,7,6,7,3,6,7,5,6,7,6,7,6,264,1
165,6,5,5,4,5,6,4,5,6,6,6,6,4,7,3,5,3,7,6,7,6,6,5,6,6,6,7,1,4,3,5,7,5,6,7,5,5,3,5,4,2,6,6,4,5,5,228,1
166,6,6,3,6,7,6,7,3,7,6,6,6,5,1,3,4,1,1,4,6,5,6,3,3,2,7,2,2,5,3,5,5,5,6,5,5,6,1,7,7,1,7,3,6,4,5,240,1
167,6,5,3,5,4,5,6,5,6,6,5,5,6,5,3,6,4,2,5,5,5,5,5,5,6,6,5,2,4,4,4,6,5,6,6,6,6,4,6,4,4,6,6,6,6,6,228,1
168,7,4,4,5,4,5,5,7,6,4,5,6,4,4,4,4,4,4,5,6,5,5,4,4,4,4,3,5,4,4,4,6,4,5,4,5,4,2,4,4,4,5,4,6,6,6,216,0
169,5,3,2,6,4,5,4,3,6,6,5,5,2,6,5,6,2,5,5,6,4,6,4,4,6,6,5,4,5,5,6,6,6,6,6,3,6,2,3,3,2,3,3,5,6,3,216,0
170,5,5,3,6,5,4,7,6,6,4,4,7,2,3,6,3,1,1,5,3,4,4,5,5,5,7,3,7,6,7,7,6,6,7,7,6,7,5,7,7,7,6,3,7,6,6,216,1
171,7,6,4,4,5,7,6,5,7,7,7,7,6,6,2,7,3,6,4,4,6,7,5,7,4,7,7,3,5,4,5,5,4,6,5,5,5,1,5,6,2,6,2,7,6,3,252,1
172,7,6,4,5,6,6,7,4,7,7,7,7,6,6,3,7,5,2,6,7,6,7,6,6,7,7,5,6,4,7,7,6,7,7,7,5,5,2,5,5,4,6,5,7,5,7,240,1
173,5,2,2,5,4,5,5,4,6,5,3,5,2,7,2,4,4,5,4,6,4,5,2,7,4,7,4,3,5,4,5,5,5,5,6,6,6,3,3,3,3,7,5,5,5,5,216,0
174,7,7,4,7,6,7,7,7,6,7,7,6,5,4,1,7,1,2,4,6,4,5,3,4,7,7,3,5,4,4,4,7,5,7,6,4,6,1,5,6,3,6,7,7,7,4,252,1
175,1,2,1,6,6,1,5,6,4,1,2,3,5,1,5,1,2,1,4,1,3,4,1,1,4,6,1,4,2,4,3,1,1,4,1,4,3,4,7,6,6,6,4,2,1,6,264,0
176,6,5,4,5,6,6,6,6,5,6,5,5,5,1,3,6,2,1,3,3,2,4,2,4,4,6,3,4,3,3,5,5,5,5,5,5,7,3,6,7,6,6,6,5,6,6,240,0
177,7,4,3,7,5,7,5,4,4,6,6,5,5,4,2,5,3,7,7,5,6,4,6,7,6,7,5,5,4,4,5,7,6,7,7,6,7,4,7,7,5,7,6,6,6,7,216,1
178,7,7,4,6,5,6,6,6,7,7,6,7,5,4,3,5,2,7,6,5,6,5,5,4,5,7,4,2,4,3,3,6,3,6,5,2,6,2,2,1,1,6,5,5,5,4,240,1
179,6,6,3,6,6,6,5,5,6,6,7,6,6,6,4,7,4,4,5,7,5,7,6,6,6,7,5,4,4,4,5,7,6,6,6,6,7,4,7,6,6,7,7,7,7,7,216,0
180,6,5,7,7,7,5,7,7,6,4,4,5,4,4,4,6,1,4,6,4,4,4,4,5,5,4,4,4,4,4,4,6,5,7,7,4,6,1,7,7,7,6,7,7,6,7,240,1
181,5,4,4,5,3,4,6,4,6,5,5,3,4,1,3,2,2,1,2,2,2,2,3,5,5,4,1,2,5,4,3,4,5,5,5,5,6,1,5,6,4,7,5,3,7,5,252,0
182,6,6,1,5,2,5,4,5,6,6,5,6,5,4,4,6,2,4,6,6,4,6,6,5,4,6,4,3,4,5,6,5,5,5,6,4,4,1,4,3,3,6,4,5,5,4,228,0
183,2,5,6,7,5,7,4,4,5,7,6,6,7,6,2,7,7,7,6,3,3,5,1,2,6,4,2,1,1,1,2,2,5,5,1,1,2,2,1,1,1,4,2,4,1,7,252,1
184,6,5,2,5,4,6,7,3,7,6,6,6,6,3,4,6,3,1,4,5,5,4,5,5,6,7,3,2,5,3,6,6,5,6,7,6,6,2,7,4,4,6,5,5,6,5,216,1
185,6,6,6,6,5,6,5,5,6,6,5,5,4,6,5,4,5,3,6,5,5,6,5,5,5,7,6,4,4,5,5,6,5,5,6,5,7,2,5,6,4,6,5,6,6,5,216,0
186,6,3,1,7,2,7,7,4,7,7,7,7,6,6,1,3,1,1,7,4,1,7,7,7,6,7,4,7,7,5,6,7,6,7,7,6,7,7,7,5,6,7,5,7,7,6,252,0
187,4,1,1,6,4,1,3,1,7,6,4,7,5,5,6,4,2,1,6,6,5,6,6,5,6,6,6,1,5,1,7,4,1,6,6,4,6,4,4,3,1,3,2,6,6,2,240,0
188,7,6,1,1,5,5,7,6,5,7,5,7,5,1,1,5,1,1,3,1,6,2,1,2,2,5,4,1,1,1,1,7,3,5,5,4,7,3,7,7,7,5,7,7,7,7,228,1
189,7,7,5,7,6,6,7,5,7,7,7,7,5,4,6,7,5,3,5,6,6,6,4,6,5,7,5,5,5,6,4,7,5,7,6,5,7,3,5,6,4,7,7,6,6,5,240,1
190,6,6,3,5,4,6,7,2,6,6,4,4,6,3,4,6,3,3,3,4,4,6,3,4,4,5,3,4,5,6,5,6,4,7,7,4,4,3,4,5,4,5,6,6,7,4,240,1
191,1,2,1,7,4,1,3,3,7,7,2,7,3,2,1,2,1,1,3,1,1,5,5,7,7,4,5,6,7,6,7,4,6,5,5,5,7,6,4,3,1,5,5,3,4,5,216,0
192,2,3,1,5,1,2,3,3,5,3,4,4,5,1,1,5,2,4,5,3,4,4,1,1,5,4,1,6,3,4,5,6,5,6,6,6,5,4,4,4,4,3,2,5,6,3,240,1
193,7,7,6,7,6,7,7,5,7,7,7,7,6,7,7,6,4,6,7,7,5,7,7,6,6,7,7,6,4,6,7,7,7,7,7,6,7,2,7,7,4,7,7,6,7,7,216,0
194,7,6,3,6,7,7,6,4,6,6,4,5,4,2,3,5,4,2,4,5,4,5,5,5,5,7,3,5,5,3,5,6,4,5,7,6,7,5,6,5,3,7,7,5,6,6,228,1
195,7,7,1,7,4,7,5,1,7,7,7,7,7,3,1,7,1,7,7,7,7,7,5,7,7,7,2,5,7,5,7,7,7,7,7,5,7,4,7,7,5,7,7,7,7,7,228,1
196,6,6,5,6,6,6,6,7,7,6,6,6,6,7,4,6,6,6,6,7,5,6,5,5,6,7,5,6,4,4,6,6,6,6,6,6,7,6,6,7,5,7,6,6,6,6,228,0
197,4,5,4,4,6,3,5,6,5,5,5,5,4,4,2,5,2,1,4,4,1,4,2,2,2,6,4,3,3,3,3,6,5,5,5,5,6,2,6,5,5,5,4,5,5,5,216,1
198,6,5,2,5,3,5,6,6,6,6,6,6,6,4,5,5,5,2,6,5,6,6,5,5,6,5,5,3,2,4,5,7,4,5,6,4,5,4,5,5,3,5,5,5,5,5,228,0
199,7,7,4,5,5,5,7,4,7,6,4,5,4,3,1,2,5,1,3,6,4,5,1,5,4,6,1,1,1,1,1,5,1,4,6,5,6,2,7,5,2,6,5,6,7,5,216,1
200,5,2,4,6,4,3,3,2,7,6,7,6,5,6,4,6,6,6,6,5,5,6,5,3,4,6,4,3,5,6,6,6,6,6,6,6,7,4,6,7,6,4,5,5,5,6,240,1
201,4,4,1,6,2,5,6,3,7,6,6,7,7,6,2,7,4,4,6,6,5,7,6,6,5,7,3,5,5,7,7,7,6,7,7,6,7,5,6,5,3,6,4,6,7,3,252,1
202,7,7,4,4,3,7,7,6,7,7,7,7,7,6,7,7,6,1,5,7,7,7,5,7,4,7,3,4,4,6,6,5,6,6,7,7,7,2,5,5,6,7,3,5,7,5,216,1
203,7,5,5,6,5,6,6,6,6,6,6,5,6,3,3,5,4,2,4,5,5,6,5,6,5,6,4,1,2,4,5,6,5,5,5,4,6,2,5,5,4,6,5,5,5,5,240,1
204,6,5,5,6,6,6,6,5,7,7,6,6,6,6,3,5,3,1,5,5,3,5,5,4,5,7,4,2,2,3,2,6,4,5,6,3,6,2,6,6,4,6,6,7,6,5,240,1
205,6,6,5,6,6,7,6,3,7,7,6,7,7,5,7,6,5,7,6,7,5,6,7,7,6,7,5,5,4,5,7,7,7,6,6,7,7,4,7,7,4,7,7,7,7,4,216,1
206,7,7,4,7,7,7,7,5,7,7,6,7,6,5,7,7,7,6,7,5,5,5,7,7,7,7,7,7,5,7,7,7,7,7,7,7,7,7,7,7,7,7,7,6,7,7,228,1
207,7,5,6,7,6,7,7,6,7,7,7,6,6,4,1,5,3,2,5,6,5,6,4,5,5,6,2,3,4,5,6,6,7,7,7,5,7,2,4,5,4,7,6,5,7,7,216,1
208,6,5,3,6,6,5,7,4,6,6,6,6,6,4,5,6,6,1,7,5,5,6,4,5,6,6,6,3,3,4,3,7,7,6,4,4,5,4,6,6,6,7,7,7,6,7,228,0
209,7,3,7,6,6,7,7,4,7,7,7,7,5,2,5,5,3,1,7,6,2,7,6,3,3,6,4,2,2,4,4,7,4,5,7,7,7,5,5,6,6,4,7,6,6,6,216,0
210,7,7,5,7,6,7,7,6,7,7,7,6,7,4,3,7,3,3,7,5,4,6,4,6,5,7,4,2,4,4,2,7,3,6,6,6,7,3,6,7,5,7,6,7,7,6,216,1
211,1,2,1,5,6,1,3,2,6,5,2,5,4,6,2,3,1,4,5,5,4,5,6,1,4,7,4,5,7,4,4,5,5,6,6,5,6,2,6,6,3,6,5,6,5,4,216,0
212,7,7,4,6,5,7,7,5,7,7,6,7,6,5,5,6,5,4,6,7,7,7,6,7,7,7,7,4,5,7,6,7,6,5,7,6,7,3,7,5,5,7,6,6,7,6,240,0
213,5,7,1,5,1,5,6,2,7,7,5,7,3,2,1,3,7,7,4,4,7,6,5,7,1,7,5,5,5,5,7,7,4,6,7,6,6,1,2,1,1,7,1,5,1,1,228,0
214,3,1,1,3,1,1,3,1,6,5,3,5,3,3,2,3,4,2,5,4,4,4,4,3,5,4,2,4,6,5,4,5,6,4,5,4,5,4,4,4,4,5,5,5,6,3,216,1
215,7,6,3,5,5,6,6,3,7,7,6,6,6,5,2,6,5,2,6,6,6,6,2,3,6,7,4,1,2,1,3,7,5,4,4,2,7,1,5,4,3,6,5,4,6,5,240,1
216,4,3,2,4,4,5,5,4,7,6,6,6,6,1,4,4,3,1,5,4,4,5,4,4,3,6,3,2,2,2,5,6,5,6,7,5,7,2,5,5,4,5,6,5,6,5,216,1
217,5,6,5,6,6,6,6,5,5,5,4,5,5,4,4,4,5,1,5,5,4,5,5,5,5,6,4,5,5,5,6,5,6,5,7,5,6,3,6,4,5,6,7,6,6,6,216,0
218,5,5,4,6,5,5,7,5,7,6,6,6,6,4,4,6,4,4,5,4,4,7,3,4,5,5,6,2,4,3,5,7,5,6,5,4,7,2,6,5,3,5,5,6,6,4,228,1
219,7,7,6,7,4,5,7,6,6,4,5,4,5,3,6,7,1,3,4,3,2,5,4,7,6,7,3,3,4,1,3,6,3,7,6,6,7,1,7,6,5,7,6,6,5,6,216,1
220,7,5,2,5,5,6,7,4,5,7,5,6,4,3,7,4,5,1,5,4,4,5,3,6,4,6,6,1,3,4,3,5,5,6,5,5,7,1,6,4,4,6,6,5,5,4,216,0
221,7,7,2,2,3,5,5,6,5,6,4,6,4,2,2,3,1,3,4,4,1,4,2,2,4,5,3,1,4,2,2,5,3,4,5,6,5,1,6,5,4,7,4,5,5,4,228,1
222,5,3,3,5,5,5,6,5,5,4,4,5,4,4,1,4,2,4,4,3,3,5,3,1,5,2,6,4,4,3,3,5,6,7,6,5,6,3,6,5,5,5,6,6,5,6,228,1
223,7,6,7,5,6,6,7,5,5,6,6,6,5,5,4,4,3,2,4,4,4,4,5,5,5,7,4,2,5,4,4,6,5,6,6,5,7,4,6,5,3,6,6,6,7,5,216,1
224,7,5,1,6,2,5,6,6,3,5,7,6,5,3,4,7,2,1,4,7,5,7,7,4,7,7,5,1,5,1,3,5,5,5,6,4,7,2,6,6,5,5,5,7,7,4,228,0
225,5,4,3,3,4,5,6,4,6,6,6,6,6,5,4,6,2,4,5,5,5,6,5,5,5,7,6,2,5,4,4,6,5,6,6,4,6,2,6,5,5,5,4,6,5,5,252,1
226,6,5,5,5,5,5,6,6,4,6,6,5,6,3,4,6,4,1,5,5,5,6,5,6,5,6,5,2,3,4,4,6,4,5,5,4,7,1,5,4,4,6,6,6,6,4,228,1
227,6,5,5,6,6,6,6,4,6,6,6,6,6,4,5,6,5,2,7,5,5,6,5,5,5,5,6,4,4,6,3,6,5,6,6,4,5,4,4,5,3,6,6,6,6,6,216,0
228,7,4,7,7,7,2,7,5,7,7,7,7,7,7,4,7,7,7,7,7,4,7,5,7,7,7,7,1,2,4,7,7,7,7,7,7,7,5,4,5,4,7,7,7,7,7,240,1
229,7,7,6,7,5,6,7,6,7,7,5,6,6,2,4,6,1,2,5,5,1,6,4,3,2,7,2,2,2,2,5,5,6,6,5,5,6,1,6,5,4,6,7,6,5,6,252,1
230,6,2,6,7,5,6,7,5,5,6,7,6,4,2,4,4,5,1,7,4,5,4,3,3,2,6,4,5,3,6,3,4,4,6,6,6,7,4,1,2,1,2,7,5,5,6,228,1
231,7,4,1,7,5,7,4,4,7,7,7,7,5,4,3,6,3,7,4,5,5,7,1,1,1,7,4,2,4,3,3,6,7,7,4,3,5,1,7,4,4,5,7,2,5,7,252,1
232,7,5,5,5,6,6,7,4,5,7,7,6,6,5,1,5,3,4,4,4,2,6,5,6,2,7,4,1,2,2,4,7,3,5,5,5,7,1,7,7,6,6,5,6,6,5,240,1
233,7,5,1,6,5,5,7,5,6,6,6,6,5,1,5,4,3,1,5,5,5,7,4,5,4,5,3,5,5,5,6,6,5,7,7,6,7,6,6,5,5,7,5,6,5,5,216,1
234,7,5,1,6,5,6,6,2,4,6,7,5,5,1,6,4,1,1,4,1,2,2,2,1,2,2,1,1,2,2,1,7,5,4,5,3,7,3,6,4,3,6,3,7,6,7,228,1
235,6,6,2,3,5,6,7,7,7,7,7,7,7,2,1,5,2,3,5,4,3,6,3,1,4,7,2,1,3,3,5,6,3,6,6,5,6,3,5,7,3,5,5,3,6,6,216,1
236,5,7,4,7,5,7,5,5,5,7,7,6,5,7,6,5,3,7,5,5,4,7,4,5,7,7,3,2,5,5,5,6,6,5,6,4,4,1,3,5,4,7,5,6,6,5,216,1
237,7,6,3,5,6,6,6,6,6,7,6,5,6,2,4,6,3,2,6,5,3,6,3,5,3,6,3,3,4,4,2,6,5,5,6,5,6,2,4,6,3,6,6,6,5,5,228,1
238,7,7,3,7,3,6,7,4,7,7,7,7,7,6,2,7,1,7,7,7,1,7,5,5,7,7,2,1,3,4,5,7,6,7,6,3,6,1,7,2,7,7,5,7,3,7,252,0
239,5,2,1,5,4,3,6,2,7,7,6,3,5,4,3,7,4,2,4,6,6,5,3,2,5,6,2,2,3,2,6,2,4,5,4,5,7,6,6,5,5,5,2,4,5,3,264,1
240,5,6,2,6,4,5,6,5,7,5,6,5,4,3,4,5,4,1,4,5,5,4,5,7,3,7,3,3,5,4,4,5,6,5,5,5,7,4,6,5,4,6,7,5,6,5,216,0
241,7,7,5,7,7,7,7,7,7,7,7,7,7,7,1,3,6,4,6,7,6,7,5,7,4,7,6,4,5,5,3,7,6,7,7,6,7,2,7,6,5,7,7,6,7,7,216,1
242,7,7,1,6,2,7,7,2,7,7,7,5,7,2,1,7,5,2,7,7,5,6,1,7,7,7,3,1,2,3,4,7,7,7,7,6,7,4,6,5,3,7,1,5,7,4,216,1
243,7,7,6,6,6,7,7,7,3,4,7,5,6,3,4,5,1,1,5,4,3,5,1,2,4,4,1,3,2,3,5,5,5,6,5,5,7,2,7,7,6,5,6,7,6,6,228,1
244,6,6,6,5,6,4,6,6,6,6,5,6,5,5,4,4,1,4,5,3,3,5,3,2,5,6,3,1,4,2,3,6,4,5,6,5,7,1,6,5,5,5,6,6,6,6,240,1
245,6,6,3,7,4,7,6,4,7,7,7,6,6,4,5,6,5,2,6,5,5,6,4,5,6,7,3,4,5,4,4,7,5,6,7,6,6,3,6,6,5,7,6,6,5,6,216,1
246,7,7,6,6,7,6,7,5,7,7,7,7,6,5,7,7,5,5,6,7,5,6,5,7,5,7,4,1,4,1,5,7,3,6,6,4,6,2,4,4,2,6,3,5,6,3,228,1
247,4,4,1,6,4,4,3,3,4,6,3,5,5,3,2,5,5,6,6,4,3,5,3,3,4,5,4,2,5,5,5,6,5,5,5,4,6,2,5,4,4,5,6,5,7,6,228,1
248,7,6,1,5,3,6,7,2,7,6,6,6,5,3,5,5,4,3,6,4,5,7,3,2,4,5,4,2,4,6,4,7,5,7,6,5,5,2,4,3,1,7,4,6,7,4,228,1
249,7,6,5,7,4,7,7,4,7,7,7,6,7,5,7,7,7,6,7,7,4,7,5,7,7,7,1,1,2,4,5,6,6,6,6,5,5,2,6,7,4,7,5,7,6,5,216,1
250,4,4,3,6,4,7,4,5,4,4,5,5,5,5,4,5,4,5,5,5,6,4,4,5,4,6,5,5,5,6,5,5,5,4,5,6,4,5,6,4,4,4,4,5,4,5,264,1
251,6,6,6,5,6,5,6,5,5,6,5,6,5,6,1,6,1,6,6,3,5,2,2,4,2,4,6,1,3,4,3,6,3,5,6,2,6,2,6,5,2,5,6,5,6,6,228,1
252,6,6,7,5,6,7,6,7,6,7,7,7,6,4,4,5,2,3,4,6,6,4,3,5,5,7,6,4,4,5,7,6,6,7,7,5,6,5,5,6,4,7,7,7,6,7,228,1
253,7,2,1,7,2,5,7,1,7,7,5,7,2,2,1,5,1,3,4,6,6,5,2,3,5,7,1,1,3,5,1,7,3,7,7,4,4,1,3,7,4,7,5,7,7,7,228,1
254,4,4,4,6,5,4,5,3,6,7,6,7,5,4,6,5,4,6,5,6,6,6,5,6,7,7,4,5,5,5,6,7,6,7,7,6,6,6,4,5,4,5,4,7,7,4,228,0
255,6,4,5,6,7,4,6,5,7,6,5,6,5,3,6,6,5,5,4,3,6,5,3,3,6,6,5,1,5,3,5,5,3,7,5,6,6,4,6,4,2,5,5,5,5,4,240,1
256,6,6,4,6,6,6,6,5,6,5,6,6,4,3,2,5,1,1,5,5,2,4,1,3,5,5,4,5,4,3,6,5,4,5,6,6,5,2,6,5,4,5,6,4,5,5,216,0
257,5,5,1,5,5,6,5,3,7,6,6,6,6,1,6,6,3,4,6,5,4,6,2,4,6,7,5,3,4,4,5,4,4,6,6,4,5,2,5,6,4,6,6,7,7,5,228,1
258,4,3,3,4,5,4,4,3,6,5,6,4,4,2,3,5,3,1,5,3,4,3,3,2,5,5,4,3,5,4,6,4,3,5,5,5,7,2,5,6,1,5,5,6,5,4,228,0
259,7,6,7,7,7,6,7,7,7,7,7,6,7,5,4,7,6,5,4,4,5,6,4,5,7,7,5,3,5,5,4,6,5,5,6,5,7,4,5,6,2,7,7,5,7,7,252,0
260,6,6,3,5,6,6,6,5,4,4,5,6,3,1,1,6,1,1,5,3,4,4,3,1,3,4,5,1,3,3,3,2,3,4,4,4,6,1,5,4,3,6,4,6,6,5,216,1
261,6,7,4,6,3,7,7,6,7,7,5,7,5,7,3,4,1,3,7,7,4,5,2,2,5,7,5,3,4,6,7,7,6,7,6,3,5,1,3,2,1,7,6,5,7,6,240,1
262,6,6,6,6,6,6,6,3,7,6,6,6,6,5,2,6,5,1,6,4,4,6,6,7,4,6,4,2,4,4,6,5,6,6,6,4,6,2,5,5,4,6,6,6,6,6,264,0
263,7,5,7,6,6,5,6,7,7,6,7,7,7,6,3,6,5,1,7,7,4,7,6,4,4,7,7,2,4,4,6,5,5,5,6,7,7,4,7,7,4,7,5,5,6,6,216,0
264,6,6,6,5,5,7,7,7,6,7,7,6,6,4,5,6,3,5,6,4,3,4,1,3,6,7,4,3,4,4,1,7,2,7,5,6,6,4,5,4,5,7,5,7,7,5,252,1
265,6,6,4,7,6,7,6,6,7,7,6,6,7,7,2,7,6,7,7,7,7,7,3,7,6,7,3,2,3,3,5,7,6,7,7,4,7,1,7,5,4,6,6,7,6,5,228,1
266,6,4,2,5,1,6,6,2,7,6,6,6,6,2,4,6,2,6,6,6,4,5,1,6,5,7,4,1,4,5,1,5,2,6,5,3,6,1,4,2,4,7,2,5,4,1,240,0
267,7,7,5,7,7,7,7,7,7,7,5,7,7,2,2,5,3,3,7,5,5,6,4,5,5,7,4,2,2,6,6,7,6,7,7,6,7,4,7,4,3,7,7,4,7,7,252,1
268,5,6,5,5,6,6,6,4,6,5,5,7,6,4,3,5,4,3,4,6,6,6,6,4,6,6,6,4,6,4,6,5,5,6,7,6,6,4,6,6,5,6,6,6,5,6,240,1
269,7,5,6,5,6,6,7,6,6,6,5,6,6,4,4,6,3,4,5,5,5,6,4,5,5,5,6,3,4,4,5,6,5,7,6,4,5,4,6,7,6,7,4,6,6,6,264,0
270,4,5,3,2,2,5,3,2,7,6,5,6,3,1,2,6,3,2,4,7,4,6,2,5,7,7,6,4,6,4,6,7,6,6,7,6,7,3,6,6,6,5,6,5,5,7,216,1
271,5,3,1,5,4,6,5,3,6,6,5,6,4,4,2,5,3,1,4,5,4,4,3,1,5,6,3,1,2,4,2,6,1,6,5,3,5,1,5,5,2,5,5,5,5,4,240,1
272,6,6,6,5,6,6,6,4,6,6,6,5,5,3,2,5,4,1,3,4,4,5,4,4,3,6,2,1,2,3,3,5,5,4,5,5,6,1,7,6,4,5,6,5,5,5,228,1
273,7,7,1,5,3,7,6,3,6,7,7,7,7,5,2,6,1,7,5,5,5,5,4,4,1,7,2,1,3,4,2,7,5,5,6,5,7,1,3,3,1,7,5,5,6,4,228,1
274,3,5,1,5,3,2,4,3,5,5,2,5,3,2,2,2,5,2,3,4,4,2,5,6,4,6,3,6,5,6,5,6,7,6,7,4,7,5,7,6,5,5,3,5,5,6,240,1
275,6,4,1,6,1,6,6,3,5,6,5,5,6,5,4,5,1,2,5,4,4,5,2,5,2,6,5,3,4,5,5,5,4,5,6,4,5,1,4,3,2,4,4,4,5,5,264,1
276,3,2,3,6,7,3,6,7,6,6,4,2,2,7,6,1,4,6,6,6,2,3,1,1,6,7,5,5,4,5,4,6,6,6,7,4,5,4,6,7,6,7,7,6,7,7,216,0
277,6,6,3,5,5,7,6,3,7,5,5,3,7,2,3,5,3,2,3,4,1,6,2,2,4,7,4,1,4,3,5,3,5,3,5,5,5,2,5,4,1,4,5,5,5,5,216,1
278,6,5,4,7,7,5,7,5,6,6,6,7,5,7,7,7,4,1,7,6,2,7,5,5,7,7,4,1,6,3,6,7,5,7,7,4,7,1,5,2,2,5,5,5,7,5,240,1
279,7,7,3,6,6,7,7,4,7,7,7,7,7,7,4,7,4,6,7,7,7,7,6,6,7,7,6,3,5,5,7,7,7,6,7,6,7,4,7,4,3,7,4,5,7,5,240,0
280,5,3,5,5,5,4,4,4,4,4,6,4,4,4,5,4,4,4,4,3,4,4,4,4,4,5,4,5,4,6,4,2,4,4,4,4,4,4,4,5,5,4,4,4,4,4,228,0
281,7,6,5,6,5,6,7,4,7,7,6,6,6,6,6,6,5,3,6,6,4,6,5,6,7,7,4,5,5,6,5,7,6,7,7,6,6,3,7,7,5,7,6,7,6,7,228,1
282,6,7,3,5,4,5,4,3,6,6,6,5,7,3,2,7,3,7,6,6,4,4,4,3,5,5,3,1,2,1,2,5,4,4,5,2,4,1,4,5,2,4,5,6,4,5,228,1
283,6,6,5,5,5,5,7,4,6,5,5,5,5,3,7,5,3,3,5,5,5,4,6,5,5,6,2,1,2,2,4,6,3,6,6,5,5,5,5,6,4,6,6,6,6,6,240,0
284,NA,NA,NA,NA,NA,NA,NA,NA,NA,NA,NA,NA,NA,NA,NA,NA,NA,NA,NA,NA,NA,NA,NA,NA,NA,NA,NA,NA,NA,NA,NA,NA,NA,NA,NA,NA,NA,NA,NA,NA,NA,NA,NA,NA,NA,NA,NA,NA
285,5,3,1,4,4,5,6,2,6,6,5,6,5,3,3,6,2,4,6,6,5,7,3,1,3,7,7,2,2,2,3,6,2,5,5,4,4,2,3,4,1,5,5,6,5,3,252,1
286,7,7,4,6,7,6,6,7,7,7,7,7,5,2,1,6,1,1,5,6,5,6,7,7,5,7,4,1,5,4,6,7,4,7,6,6,7,2,6,5,2,7,5,6,6,5,240,1
287,7,5,5,6,5,3,6,4,6,6,4,6,3,1,1,4,1,1,4,4,1,5,4,6,5,5,3,5,5,4,5,6,6,5,5,5,7,2,7,7,4,5,5,6,5,3,216,1
288,3,4,1,3,1,2,3,3,3,3,3,5,2,2,2,2,2,2,4,3,3,4,4,3,5,6,1,3,4,2,4,4,1,3,4,4,3,3,3,3,1,1,2,3,5,2,216,1
289,4,2,1,5,1,4,5,1,5,4,5,3,4,2,1,5,3,1,3,3,2,3,2,1,3,5,1,1,5,1,5,3,2,3,4,6,6,4,3,4,3,3,2,3,4,1,240,1
290,7,6,4,5,4,7,6,4,7,7,7,6,5,4,2,5,3,4,6,5,4,5,2,5,5,7,4,3,2,4,4,6,6,6,6,4,6,3,5,4,5,6,5,6,6,6,228,1
291,4,4,4,6,4,5,5,4,5,6,5,6,4,5,4,7,1,3,5,4,5,4,3,2,5,5,2,2,1,4,1,5,4,5,4,4,6,1,5,2,3,6,6,6,5,4,216,1
292,5,5,3,5,5,5,4,3,7,7,5,7,6,5,5,4,2,4,7,5,4,5,3,3,7,6,3,3,4,5,6,5,5,5,5,6,7,2,5,4,4,4,5,4,4,5,252,0
293,4,5,4,6,5,4,6,4,5,5,4,7,5,3,5,5,5,2,6,6,4,5,4,4,3,7,5,4,5,4,5,5,4,6,6,5,6,2,6,5,4,5,6,6,6,5,228,1
294,7,4,4,7,4,6,6,4,7,7,7,7,6,6,5,7,1,2,6,7,5,6,5,6,6,7,6,3,4,4,6,7,6,6,7,5,6,3,6,6,6,7,6,6,6,5,264,0
295,5,6,2,6,7,5,5,3,5,6,5,7,4,4,2,4,3,1,4,5,5,5,5,4,3,7,5,4,5,6,5,6,5,6,6,5,6,3,4,3,2,6,5,5,5,4,216,1
296,6,5,5,5,1,5,6,3,5,6,1,6,6,5,5,4,4,5,5,6,4,5,6,5,4,6,5,4,4,3,5,5,4,5,6,5,5,5,5,6,4,5,5,5,6,5,252,1
297,4,5,3,5,5,5,5,4,5,5,5,6,5,4,2,6,3,2,5,5,6,6,4,4,6,6,5,5,5,5,5,5,5,5,6,5,6,4,5,5,4,5,7,6,5,5,240,1
298,7,5,2,7,6,7,5,3,7,6,7,7,6,5,2,6,3,7,6,6,6,6,5,5,4,6,4,1,2,2,4,6,6,6,6,4,5,1,4,5,4,7,6,6,5,5,240,1
299,4,6,4,6,5,5,5,3,5,6,5,6,6,5,3,2,2,4,7,5,4,5,5,5,5,7,2,3,4,6,6,6,6,6,7,6,6,3,7,6,7,7,6,6,6,5,228,0
300,6,5,2,5,5,5,7,4,6,7,6,6,6,4,2,7,3,4,5,5,4,5,4,5,7,7,6,3,5,6,6,5,6,6,6,5,5,1,6,6,4,6,6,7,6,4,252,1
301,7,6,3,5,5,7,7,3,5,5,6,5,6,2,2,5,2,2,4,2,5,5,4,4,4,4,5,2,4,4,4,5,6,5,6,5,6,3,5,5,4,6,5,5,6,5,264,0
302,5,4,3,7,3,5,7,4,7,7,7,7,6,4,1,6,1,7,7,7,7,7,4,7,7,7,6,7,6,6,7,7,7,7,7,3,5,7,4,5,1,6,3,6,7,3,216,0
303,4,2,5,5,5,5,5,2,5,5,4,5,5,5,4,4,5,3,5,5,6,5,4,5,5,5,3,5,3,6,5,5,4,5,5,5,5,5,5,5,4,4,3,4,5,5,216,0
304,7,7,3,5,6,7,7,5,7,7,7,7,7,4,3,5,3,1,6,5,6,4,5,6,3,7,3,3,5,4,4,6,6,7,7,7,7,2,6,6,5,7,6,5,7,5,240,0
305,7,7,5,6,5,6,7,6,6,6,6,6,5,2,3,4,5,2,6,4,4,6,2,4,4,6,5,3,5,3,6,7,7,7,7,4,6,2,5,6,6,5,5,7,7,6,228,1
306,6,7,1,6,3,5,5,4,7,6,7,6,4,5,1,5,1,4,4,7,5,6,1,7,5,7,2,1,2,1,3,6,6,5,6,6,6,2,4,6,1,6,4,6,5,4,216,0
307,4,3,3,7,4,3,3,3,7,4,4,7,7,7,5,7,4,1,7,7,7,7,4,7,6,7,5,4,5,6,5,7,7,6,7,4,6,2,5,7,3,6,3,7,7,5,240,1
308,6,5,2,5,2,5,5,2,7,7,5,4,3,2,3,6,2,1,4,4,2,6,2,3,4,5,4,1,6,2,2,5,2,5,6,3,2,3,4,4,3,6,1,4,5,3,228,1
309,7,7,4,7,6,7,7,4,7,7,7,7,7,7,4,6,4,4,7,7,7,7,4,7,7,7,7,4,6,4,7,7,7,7,7,7,7,6,7,7,7,7,7,7,7,7,252,1
310,4,7,4,5,6,7,6,3,7,7,6,4,6,2,2,6,3,2,5,4,5,4,2,2,4,7,2,2,5,3,4,6,5,4,5,7,6,2,6,4,4,7,5,4,4,5,216,0
311,7,4,4,6,3,7,7,5,7,5,7,6,4,4,1,5,2,3,6,5,4,3,1,1,5,7,3,1,4,3,2,7,5,6,6,4,6,1,4,4,1,5,4,7,5,6,228,1
312,7,4,2,7,5,7,2,4,7,7,7,6,6,6,4,6,3,7,6,6,6,7,5,2,5,6,6,4,2,7,3,7,5,6,7,4,6,3,6,3,7,6,6,5,6,6,228,0
313,4,6,2,5,4,5,6,5,7,6,6,6,7,2,4,4,2,5,5,4,3,5,1,4,3,7,2,1,3,1,2,6,3,6,6,4,5,1,5,5,3,4,4,4,5,5,240,1
314,5,4,7,6,5,4,7,5,6,7,7,7,7,5,6,7,7,6,6,7,6,6,5,6,5,7,5,5,5,6,5,6,5,7,6,5,6,5,7,6,4,5,4,6,6,7,216,1
315,7,6,3,4,6,5,7,5,7,6,6,7,6,2,5,4,6,3,6,6,5,7,5,6,4,6,6,2,5,5,4,6,6,6,6,5,7,4,6,7,4,6,6,5,6,6,216,1
316,7,7,4,7,4,6,4,4,7,7,7,7,5,5,6,7,5,7,6,6,4,7,4,7,7,7,4,6,4,7,4,7,7,7,7,7,7,4,4,2,1,7,4,7,7,7,264,1
317,7,6,4,6,6,7,6,4,7,7,7,6,7,5,2,7,6,6,6,7,6,7,2,5,5,7,5,1,4,6,5,6,7,6,6,6,7,2,7,6,6,6,6,6,7,6,240,0
318,7,7,7,7,7,7,7,7,6,7,6,5,7,1,2,6,1,1,2,4,3,7,3,2,5,7,5,1,1,4,4,5,5,7,6,7,7,5,7,7,5,7,7,7,7,7,264,1
319,6,6,6,7,5,6,7,4,6,6,6,6,6,5,6,6,6,5,7,7,7,6,6,6,7,6,5,6,6,5,6,5,7,6,6,6,6,6,6,4,6,6,6,5,6,5,252,0
320,7,3,1,5,3,6,6,2,6,4,6,6,4,1,1,2,1,1,3,1,2,1,2,1,2,2,2,6,3,3,3,2,6,5,5,5,7,3,7,6,3,7,5,7,7,6,228,0
321,7,7,6,7,5,7,6,6,7,7,7,6,6,4,4,5,6,1,6,6,3,7,4,7,7,7,7,5,3,4,7,6,7,3,7,5,7,4,6,5,5,7,5,7,4,5,216,1
322,6,5,2,4,7,5,4,5,6,6,5,7,4,6,2,5,4,6,6,6,6,7,6,5,7,7,6,4,5,5,6,7,5,6,7,5,6,2,6,3,6,7,4,6,4,4,252,0
323,4,2,2,5,4,3,6,2,5,6,5,6,4,6,3,5,3,2,5,4,4,5,3,3,6,5,3,5,4,6,6,5,6,7,7,4,5,3,3,3,2,5,6,5,5,6,228,0
324,4,7,6,7,6,4,6,5,4,7,3,7,2,5,6,4,7,1,7,6,3,7,4,4,7,6,5,5,5,5,4,7,7,7,7,7,7,3,7,7,6,4,6,7,7,7,216,1
325,6,1,3,5,5,5,5,3,6,6,5,5,6,1,1,5,2,2,5,6,3,5,4,4,3,6,5,6,7,5,7,5,5,7,7,6,7,2,7,5,4,5,6,5,7,7,216,0
326,6,1,4,7,6,5,7,3,6,7,5,6,4,5,4,6,1,1,2,4,3,6,5,5,6,7,2,5,7,3,1,5,6,7,7,5,7,3,3,6,1,3,5,6,7,5,216,0
327,6,5,5,6,7,5,7,4,6,6,6,7,7,3,6,6,2,1,7,4,7,6,3,5,6,6,6,1,1,2,1,7,5,7,7,5,6,1,5,5,1,6,6,7,7,6,252,0
328,7,4,1,7,2,7,7,2,7,7,7,7,7,5,6,7,1,6,4,7,4,7,7,2,4,7,2,2,4,4,5,7,2,4,5,5,7,2,4,4,2,7,4,7,4,2,228,0
329,7,6,5,6,6,7,6,4,6,5,6,4,5,5,4,7,4,6,6,2,3,6,3,2,6,5,4,3,1,4,6,5,6,6,5,6,5,4,4,5,3,4,6,6,6,5,240,1
330,7,7,2,7,4,6,7,4,7,7,7,7,3,4,4,3,6,2,5,5,4,5,6,6,7,6,2,2,5,3,5,7,4,7,7,6,7,4,5,6,4,7,3,6,7,4,240,1
331,6,6,6,7,4,6,7,6,6,6,7,7,7,3,6,5,6,6,6,6,4,6,3,6,6,6,4,1,3,5,4,6,5,7,6,3,5,2,4,5,3,6,2,6,6,6,216,1
332,6,5,4,7,5,5,5,4,6,7,7,7,4,6,3,6,3,5,6,4,6,7,5,6,6,7,7,4,5,7,7,6,6,7,7,6,6,2,7,5,2,7,5,7,7,4,228,1
333,6,6,5,5,6,6,6,5,7,7,6,5,5,5,2,3,2,1,5,5,5,7,6,5,5,7,5,3,4,4,4,5,4,6,5,5,6,2,5,5,4,7,5,6,7,6,216,1
334,4,2,3,2,2,1,2,4,6,2,2,4,3,4,4,3,4,5,4,4,2,3,5,4,3,3,3,2,4,5,4,3,2,2,4,5,5,2,3,3,6,2,2,5,5,2,216,0
335,7,7,7,7,7,7,7,7,7,7,7,7,7,5,4,7,7,5,6,6,7,7,4,4,7,7,6,2,3,2,3,7,5,7,7,4,5,2,7,7,5,7,7,7,7,7,216,0
336,7,5,6,6,6,5,6,5,7,6,6,6,7,5,5,6,5,4,5,6,6,5,5,5,5,6,5,5,4,5,4,7,6,5,7,5,7,5,7,4,5,6,5,7,7,5,228,0
337,5,5,5,5,5,5,6,5,5,5,5,6,5,5,4,5,4,4,5,6,4,5,4,5,5,6,4,4,4,5,5,6,5,5,6,5,6,4,5,5,4,5,5,5,5,5,240,1
338,5,4,2,6,4,4,6,4,5,5,5,6,6,4,2,5,3,3,4,5,4,7,3,3,4,7,4,2,5,4,6,5,5,6,6,6,6,3,6,5,4,5,4,6,4,4,228,1
339,6,6,1,7,2,7,7,3,5,5,5,6,5,3,5,6,4,1,7,4,6,4,4,5,4,6,4,3,5,4,4,5,6,6,5,5,4,3,4,3,1,7,4,4,5,5,240,1
340,7,5,5,6,7,6,7,4,7,6,6,5,6,2,1,3,1,1,6,3,2,4,1,4,3,4,3,4,4,4,5,5,6,6,6,6,7,4,7,7,7,7,7,6,7,7,252,0
341,5,5,4,5,6,5,5,5,5,6,6,6,5,3,3,5,1,2,4,6,4,6,3,5,4,6,6,1,2,2,2,6,1,6,5,5,6,1,5,6,5,7,5,6,6,4,252,1
342,7,7,1,7,2,7,7,2,7,7,7,7,7,4,2,7,5,2,5,7,5,7,4,7,7,7,4,1,3,4,4,7,7,6,7,6,7,4,7,3,2,7,1,5,5,4,216,1
343,6,6,4,5,2,5,4,3,6,5,5,6,5,5,3,4,2,4,5,5,2,6,3,3,4,6,5,5,5,4,5,6,5,6,6,5,5,4,6,5,6,6,6,5,5,5,240,1
344,7,7,6,7,4,7,7,7,7,7,7,7,5,4,2,4,2,1,5,6,6,4,4,3,6,5,3,6,4,6,6,6,7,6,7,6,6,2,6,5,3,6,7,7,6,7,288,0
345,7,4,4,7,4,4,4,1,7,7,7,7,7,5,1,4,7,5,7,7,7,7,1,7,7,7,7,4,4,4,7,7,7,7,7,7,7,7,7,6,1,5,7,7,7,7,228,1
346,6,6,1,5,1,7,7,1,6,7,6,4,1,1,1,4,1,1,5,4,1,6,1,1,6,6,6,2,1,3,1,6,6,4,4,1,2,1,1,1,1,6,2,6,7,1,228,1
347,6,5,3,4,5,5,5,6,6,6,6,6,3,6,2,7,4,2,6,7,4,4,4,5,4,5,6,3,3,4,5,6,4,3,5,4,5,3,5,6,5,6,5,6,5,5,240,0
348,5,7,4,7,6,6,7,5,7,7,7,6,6,5,3,5,4,6,7,6,6,6,5,7,6,7,5,2,4,2,4,7,7,7,7,5,7,3,7,5,5,5,7,6,6,7,216,1
349,6,5,6,7,7,5,6,5,7,7,5,7,6,4,3,5,6,7,7,5,6,6,5,5,7,6,2,5,6,5,7,7,5,7,7,7,5,4,7,7,7,7,7,7,7,7,228,1
350,6,6,2,5,4,5,7,3,6,7,5,6,6,3,3,6,3,1,3,5,5,7,5,5,5,7,3,3,4,4,5,6,4,6,7,4,6,3,5,5,2,6,3,4,6,4,252,1
351,6,7,5,6,4,6,7,4,7,6,7,7,7,7,5,6,6,7,6,7,6,5,6,4,7,7,5,6,6,3,7,7,5,7,7,7,7,5,7,4,3,7,4,7,7,5,216,0
352,5,5,4,7,6,5,7,6,6,7,7,7,6,5,3,6,1,1,7,6,3,6,6,6,6,7,5,2,6,3,5,7,5,7,7,6,7,5,5,7,3,6,6,7,5,6,228,1
353,4,6,2,6,3,5,3,3,7,6,6,6,7,3,4,5,3,7,5,6,4,5,2,4,5,7,4,4,3,4,6,6,4,6,5,4,5,3,4,4,4,5,4,5,6,5,216,1
354,6,5,2,4,4,4,5,2,6,7,6,5,5,4,6,7,3,4,6,4,3,6,3,4,3,6,3,4,5,4,5,6,5,5,6,5,6,2,6,5,3,7,5,5,6,6,216,0
355,5,5,2,6,3,7,5,2,7,6,4,4,5,4,2,5,4,1,4,5,6,6,4,6,5,7,5,5,7,4,5,5,5,6,7,6,5,2,7,6,5,7,7,7,7,3,240,1
356,7,7,7,7,7,7,7,7,6,7,7,7,7,7,1,7,1,2,6,7,4,3,2,1,6,7,5,1,1,1,1,7,2,5,7,5,7,2,7,7,7,7,7,7,7,7,228,1
357,5,4,4,6,4,4,5,5,6,5,4,7,5,5,4,5,3,1,4,4,5,4,5,5,6,5,3,4,4,5,3,5,5,7,6,4,6,2,6,5,4,6,4,6,5,5,216,0
358,5,6,6,7,7,6,6,7,6,6,6,6,4,6,6,6,4,1,7,6,5,5,4,6,5,7,4,6,5,5,5,7,7,7,7,7,7,4,7,7,4,7,7,7,6,7,228,0
359,7,7,7,7,6,5,6,5,7,7,7,5,7,2,5,6,4,3,7,5,5,7,3,2,6,7,2,1,1,3,1,5,5,7,6,5,6,1,5,6,3,7,4,5,5,4,228,0
360,5,3,2,5,2,4,6,5,6,5,5,6,6,4,6,5,6,3,6,4,4,5,6,5,5,3,5,5,5,5,6,6,5,7,6,5,6,4,5,4,5,5,5,7,5,5,216,1
361,4,4,4,7,3,6,7,4,7,5,6,6,6,3,7,5,4,1,7,4,5,6,4,4,3,6,5,6,3,7,3,6,6,6,4,6,7,3,5,3,1,6,7,4,7,5,240,1
362,6,6,4,6,6,6,6,6,6,7,5,7,6,4,5,6,4,1,7,6,4,6,6,6,5,6,5,1,5,4,4,7,4,7,7,4,6,2,6,7,6,7,5,7,6,5,252,1
363,7,7,4,7,5,6,7,5,7,7,7,7,6,6,6,7,3,6,6,7,7,6,4,6,5,7,4,2,5,4,4,7,5,7,7,6,6,2,5,6,2,7,3,7,7,3,216,1
364,6,6,4,5,3,6,5,4,6,5,4,5,3,5,3,5,5,6,5,6,5,5,5,2,5,6,3,3,3,3,5,5,5,5,5,3,3,1,3,4,1,4,4,5,3,3,240,1
365,6,4,3,7,4,7,5,5,5,7,6,6,5,2,5,4,3,6,7,6,5,6,2,5,6,7,3,4,6,4,6,6,3,6,5,6,6,1,5,4,3,7,6,6,7,7,312,0
366,6,3,5,5,3,7,7,3,6,7,3,6,4,1,6,5,4,1,4,1,4,4,1,3,3,5,7,3,4,6,1,6,5,6,7,5,5,3,3,4,4,6,2,7,6,6,228,1
367,7,5,5,6,7,7,7,5,6,7,7,7,7,5,4,7,5,3,6,7,5,7,4,5,4,7,4,2,6,5,4,7,6,7,7,4,6,4,6,5,4,7,5,6,7,7,252,0
368,6,5,5,6,5,5,6,2,6,6,4,5,6,7,1,5,5,6,6,6,6,4,5,5,6,4,6,6,3,5,5,6,5,5,5,6,5,4,6,6,5,5,5,4,6,4,240,1
369,6,7,5,6,5,5,4,7,6,5,5,4,4,5,2,5,5,1,4,4,1,6,1,4,3,5,4,1,4,4,5,4,7,6,5,4,6,5,5,7,5,5,6,6,6,5,240,0
370,4,5,2,5,3,4,4,4,5,6,4,5,3,2,4,5,5,3,5,3,4,6,4,5,5,4,6,4,3,5,6,5,6,6,5,5,5,3,4,4,3,5,3,5,5,6,228,0
371,7,6,4,7,5,6,6,6,7,7,5,5,6,5,3,5,3,6,3,7,5,5,5,6,6,7,2,3,6,3,4,5,3,6,6,6,6,2,6,5,3,7,7,6,6,7,264,0
372,4,4,1,5,3,4,4,3,6,6,4,7,5,5,5,4,1,6,4,7,3,7,4,4,4,7,2,4,4,4,4,6,4,4,4,3,4,1,6,4,4,5,4,4,4,4,216,0
373,7,7,7,6,5,7,7,7,7,7,7,7,7,5,3,7,3,2,6,6,7,7,5,5,7,7,4,2,1,4,1,6,7,4,5,7,7,5,7,7,4,7,6,4,7,6,240,0
374,7,6,4,6,6,6,7,7,6,7,7,7,6,3,6,6,1,1,5,3,4,6,3,7,3,7,7,2,4,4,3,6,6,6,5,7,7,1,6,7,4,7,4,6,6,6,216,1
375,6,7,4,7,6,6,7,5,4,7,6,7,6,4,6,7,4,2,6,7,5,6,4,4,5,7,3,4,5,4,6,6,6,6,6,5,5,3,4,5,3,5,6,5,6,6,228,0
376,5,5,3,5,5,3,4,3,5,6,5,6,6,5,5,5,5,5,5,6,5,5,4,5,5,6,6,2,3,3,5,5,3,5,5,3,5,4,4,3,3,4,4,5,5,4,240,0
377,7,7,4,6,6,6,6,5,6,6,5,6,6,4,5,6,3,2,6,7,5,7,7,7,6,6,6,2,4,5,5,7,5,6,6,6,6,4,4,5,5,7,6,5,7,5,216,1
378,5,7,5,7,4,4,6,7,6,3,5,7,4,4,1,6,2,1,6,4,3,7,5,6,7,5,6,2,5,3,4,5,2,6,6,4,7,4,5,1,3,7,6,7,7,4,240,0
379,7,6,1,4,4,6,7,5,6,6,5,5,4,1,4,5,1,1,4,2,4,2,2,3,2,6,3,1,4,1,5,4,2,3,4,4,5,1,5,5,2,5,4,4,2,5,228,0
380,4,5,1,6,6,7,6,1,6,7,6,7,6,6,2,6,6,3,4,5,5,6,1,6,6,5,2,6,6,7,3,6,7,6,6,5,6,6,6,5,5,6,6,5,6,5,240,0
381,7,6,2,5,5,7,7,3,7,7,6,5,6,5,4,6,5,7,5,6,6,6,4,5,6,7,5,3,4,4,7,6,5,5,6,6,7,1,5,4,4,6,5,5,6,4,240,1
382,6,5,3,5,2,6,5,5,5,4,5,4,6,3,3,5,3,2,4,5,4,4,3,4,4,6,2,3,4,4,5,5,6,5,5,5,6,4,5,4,3,6,4,6,6,5,216,1
383,7,6,6,7,6,6,6,6,6,6,6,6,5,4,3,5,4,1,5,5,6,6,4,5,4,7,4,3,3,5,4,7,6,5,6,5,7,2,7,5,6,7,5,6,7,6,216,1
384,5,5,3,5,4,6,5,3,7,6,5,6,3,3,4,5,3,2,4,3,3,5,4,4,5,5,4,2,5,4,5,5,4,6,6,6,7,4,6,6,5,6,4,7,7,5,240,1
385,5,4,1,6,2,3,7,2,6,6,5,5,5,1,6,5,2,1,5,3,1,3,3,3,5,7,4,1,4,4,3,5,4,6,6,5,7,1,5,4,4,7,5,6,5,6,240,0
386,3,1,1,2,2,4,5,3,6,3,4,5,3,1,4,3,5,1,2,2,3,3,3,1,5,5,1,5,6,5,3,5,5,7,6,7,6,7,4,4,1,4,3,4,3,4,252,0
387,6,5,6,6,4,4,5,6,6,6,6,7,6,5,4,5,5,6,6,5,5,6,6,6,6,6,5,5,2,6,5,6,6,5,6,5,5,1,5,6,3,6,5,7,7,6,216,0
388,5,5,6,6,6,6,6,5,6,7,6,7,5,4,3,5,6,3,4,5,7,6,7,6,6,7,4,4,6,5,6,6,6,7,7,6,7,6,7,6,6,5,6,6,6,6,240,0
389,7,7,3,6,2,5,7,4,7,6,7,6,5,4,2,6,5,3,5,6,6,7,3,5,3,7,5,3,4,4,4,6,6,7,6,7,7,2,6,7,7,6,4,6,6,6,252,1
390,2,4,3,6,5,3,6,3,6,5,4,6,4,5,2,5,2,1,6,4,5,4,3,4,4,5,3,5,5,5,5,6,5,6,6,5,6,3,6,5,6,6,6,5,6,6,240,0
391,6,6,5,5,5,6,6,5,6,6,6,6,5,6,6,6,6,2,6,5,6,6,3,4,5,6,2,2,3,4,6,5,5,6,6,4,6,3,4,3,2,6,3,6,6,4,252,0
392,7,7,3,5,6,7,7,6,7,6,7,7,7,4,3,7,5,3,6,7,4,7,6,6,7,7,5,1,3,6,6,6,6,6,6,5,6,2,7,6,4,7,5,6,6,6,228,1
393,7,6,6,7,7,7,6,5,6,7,7,6,6,4,3,7,4,7,6,5,6,6,3,3,2,7,2,1,2,4,3,6,6,6,6,5,5,3,5,6,5,6,7,6,6,7,252,1
394,7,7,4,5,4,7,6,5,5,7,6,6,7,2,5,5,1,1,4,5,4,6,5,7,4,7,2,2,3,4,4,7,6,4,5,5,5,3,6,7,5,5,4,5,4,6,228,1
395,7,7,7,6,7,7,6,7,6,6,7,6,4,1,3,6,5,1,7,7,6,6,2,3,6,7,4,3,3,4,4,7,4,6,7,6,6,1,7,6,6,7,6,5,7,6,228,0
396,6,5,2,5,4,7,5,4,6,6,4,7,4,6,3,4,3,4,6,7,5,6,6,6,6,7,5,4,4,4,4,6,5,6,7,7,7,4,6,6,3,5,6,6,6,6,228,0
397,7,7,5,6,6,7,5,6,6,6,7,6,6,4,3,6,6,4,6,6,5,6,5,3,5,6,4,1,2,5,5,2,6,6,4,4,5,2,4,6,5,5,5,6,5,5,216,0
398,6,2,1,7,5,6,7,5,7,6,6,7,5,1,1,6,1,1,7,6,6,5,6,4,7,6,7,4,4,4,6,7,6,7,7,6,6,5,6,7,4,6,6,7,7,6,228,1
399,5,6,4,5,7,4,5,6,7,7,7,7,7,4,3,7,2,2,7,7,4,7,5,4,7,7,7,1,3,5,3,7,6,7,7,6,3,4,7,6,6,7,6,7,5,5,264,1
400,4,3,5,5,4,4,4,3,3,4,4,5,3,6,3,2,3,1,3,4,3,2,4,2,4,3,4,3,4,3,3,4,3,7,4,3,4,3,4,4,2,3,4,6,4,5,264,1
401,5,6,1,6,5,4,4,2,7,4,2,5,4,4,5,6,4,4,4,6,5,6,3,2,6,6,3,5,5,6,6,5,5,4,6,4,5,2,4,4,4,4,4,4,5,3,216,0
402,5,5,2,4,5,5,6,3,6,5,4,5,6,4,4,5,5,1,5,6,4,4,4,4,4,7,3,1,4,2,1,4,4,5,4,6,6,2,3,5,2,5,5,4,5,4,240,1
403,4,4,5,6,4,4,5,5,5,5,5,5,4,6,5,4,5,5,5,4,4,6,4,5,6,5,5,5,5,5,5,6,5,6,6,6,7,5,5,5,6,6,5,6,6,6,228,0
404,5,2,5,6,4,5,6,4,7,6,6,7,4,2,6,5,2,1,5,3,4,5,5,5,5,5,5,4,3,5,4,5,4,6,6,4,3,2,5,5,5,6,5,6,5,6,240,0
405,7,5,1,6,4,5,6,4,6,6,5,6,5,5,2,6,3,1,6,6,5,6,6,4,4,5,5,3,4,5,5,6,5,6,6,6,6,5,6,5,5,6,3,6,6,4,228,1
406,6,7,2,6,4,7,6,4,6,6,7,6,5,2,3,4,1,1,6,5,1,5,1,5,4,6,1,1,1,1,3,5,5,5,5,3,5,1,5,5,4,6,4,5,6,5,228,0
407,6,7,4,7,3,5,7,4,5,6,4,5,5,1,2,3,3,1,6,6,4,5,5,7,6,7,1,1,5,4,4,5,6,7,6,5,5,4,6,5,3,7,4,6,7,5,228,0
408,7,7,2,7,6,6,7,2,7,7,7,7,7,6,4,5,7,7,6,6,4,6,4,6,5,7,5,5,4,5,3,6,6,7,6,5,7,2,6,7,4,7,4,7,7,5,216,1
409,7,7,3,6,4,6,7,6,7,7,7,6,7,5,4,7,6,4,7,7,3,7,3,4,5,7,6,4,4,3,5,4,4,5,5,5,6,1,5,6,7,6,7,5,7,7,228,1
410,7,6,6,7,6,7,6,7,3,2,5,5,5,1,2,4,4,1,5,3,4,4,2,1,6,5,1,2,2,2,5,6,4,5,6,5,5,2,5,7,2,6,5,5,6,7,252,0
411,6,6,3,6,6,5,5,1,6,7,6,7,4,2,3,6,5,1,6,4,4,6,2,4,7,6,5,4,5,3,6,6,6,7,7,5,7,4,6,5,1,5,7,6,7,6,216,1
412,7,7,2,5,5,5,7,4,7,6,6,7,5,3,6,5,1,1,6,7,6,7,3,4,5,6,6,2,4,3,4,6,5,7,7,5,5,1,3,7,3,6,7,7,7,6,240,1
413,7,5,4,6,4,5,7,2,6,6,5,6,5,4,5,5,2,2,5,7,5,5,4,4,5,6,4,1,4,3,4,4,4,6,4,6,6,4,6,6,4,6,5,6,7,6,264,0
414,5,6,3,4,2,4,4,2,7,5,5,6,5,7,4,5,3,5,4,7,5,6,5,5,5,7,6,3,5,5,6,5,6,7,7,4,5,3,4,4,3,6,5,7,7,3,252,1
415,7,5,6,6,3,6,7,5,7,7,6,6,6,4,4,7,5,1,5,5,6,7,5,5,6,6,4,2,6,5,6,6,6,6,6,6,7,5,6,6,6,6,4,5,5,6,264,0
416,3,3,4,4,4,4,3,4,4,3,4,4,3,4,4,5,4,4,3,3,4,4,3,4,3,4,4,4,4,3,4,4,3,4,3,4,3,3,4,4,4,4,4,4,4,5,228,1
417,6,6,4,5,6,7,7,4,7,7,7,7,6,4,4,7,3,2,7,6,5,6,3,5,6,7,4,2,4,4,6,7,6,7,6,5,6,2,7,6,5,7,7,5,5,5,228,1
418,7,5,3,5,4,5,6,4,6,6,6,6,6,5,4,4,1,5,6,6,2,5,2,6,6,7,5,3,5,4,6,7,5,5,6,5,6,3,7,6,5,6,5,6,7,6,252,1
419,7,6,6,4,6,5,6,5,7,7,7,7,7,5,4,5,6,2,3,6,4,7,4,4,1,6,4,4,2,2,3,6,2,4,7,2,4,1,3,7,2,6,5,6,6,5,228,0
420,6,3,5,5,6,3,4,3,4,5,6,6,5,5,5,6,4,5,6,5,5,6,4,3,5,5,5,3,5,3,5,5,5,4,5,5,6,4,6,5,5,5,5,5,5,5,228,0
421,3,2,2,6,2,2,3,5,5,6,5,6,5,2,2,4,2,1,2,6,3,6,2,1,2,5,4,4,1,4,3,5,2,6,7,5,6,4,4,4,2,3,2,4,4,4,252,1
422,6,3,3,5,2,4,5,5,7,5,5,5,6,2,2,5,6,1,4,6,4,4,3,4,5,7,3,1,4,3,5,6,4,7,6,6,6,1,5,4,4,6,4,2,5,5,228,0
423,7,6,5,7,7,6,7,6,NA,6,6,NA,4,4,NA,NA,NA,NA,4,NA,4,NA,2,NA,NA,5,NA,7,5,7,NA,NA,7,7,7,7,NA,5,7,NA,6,6,7,7,NA,4,NA,NA
424,7,6,4,4,7,5,6,4,6,6,5,6,6,3,2,6,4,4,5,5,4,5,3,3,6,7,6,2,4,4,6,7,5,4,7,4,5,3,5,4,4,5,6,6,6,4,240,1
425,5,4,5,6,6,6,6,4,6,5,5,6,5,4,6,6,5,1,5,3,4,5,4,4,5,5,5,5,5,4,5,6,5,5,6,6,6,5,6,6,4,6,6,5,5,5,216,0
426,7,7,7,7,7,6,6,7,7,7,7,5,7,6,2,4,6,3,4,NA,5,7,3,3,4,6,6,5,5,6,5,6,6,7,7,7,7,6,7,7,6,7,3,6,7,6,NA,NA
427,6,6,3,7,5,7,6,4,7,4,7,7,7,3,6,7,4,1,7,5,4,7,5,6,7,6,3,5,4,6,5,6,6,7,6,3,7,2,5,7,5,7,4,7,7,5,216,0
428,3,3,3,7,3,3,6,4,4,4,6,4,5,4,4,4,3,1,2,5,4,4,3,3,6,4,3,6,6,5,5,6,6,7,6,7,5,6,3,4,4,5,4,5,6,6,252,0
429,7,7,4,5,2,7,6,6,6,7,6,5,2,4,3,6,5,5,4,5,4,7,6,7,6,7,2,1,4,5,6,5,6,6,7,5,6,4,5,3,2,7,2,3,5,3,216,0
430,6,5,5,6,5,6,5,5,6,6,6,6,5,4,3,6,6,3,6,6,5,5,6,4,6,7,4,6,4,6,5,6,6,6,6,5,5,4,6,6,5,6,5,6,6,6,240,1
431,5,5,3,5,2,3,6,5,4,6,6,6,5,4,4,5,2,1,5,4,4,6,3,3,5,5,5,3,5,4,5,4,3,6,5,5,5,4,4,4,3,5,3,4,5,5,228,0
432,7,6,2,6,5,6,5,2,7,6,6,6,6,2,5,5,2,1,4,3,4,6,6,3,4,7,4,1,4,4,3,4,3,4,5,6,7,2,4,3,3,5,5,4,7,3,216,0
433,4,4,3,4,4,5,4,4,4,4,3,4,4,4,3,4,3,4,4,4,4,4,4,4,4,4,4,4,4,4,4,4,4,4,4,4,4,4,3,4,4,4,4,4,4,4,240,1
434,7,4,4,7,7,6,7,4,5,7,3,7,5,1,7,3,2,1,6,5,2,4,4,2,6,7,3,4,3,3,4,5,4,6,6,3,7,4,6,7,2,7,7,6,7,7,216,0
435,5,2,4,6,5,4,7,4,6,6,6,6,6,4,6,5,5,4,5,6,6,7,2,2,4,7,6,1,4,3,5,6,5,5,7,4,7,2,6,5,4,5,6,6,5,5,240,0
436,7,7,2,5,2,7,7,4,7,6,7,7,6,4,5,7,5,3,5,7,6,7,2,7,6,7,4,2,5,6,6,7,6,7,6,6,7,2,6,5,3,7,3,6,6,3,216,1
437,6,6,4,4,5,4,6,5,6,6,6,6,5,5,4,5,3,4,4,5,5,6,5,5,6,5,4,3,5,4,4,6,5,6,6,5,6,4,5,5,4,6,5,5,6,5,264,1
438,2,5,2,6,5,3,5,3,7,5,5,7,3,5,4,3,3,3,6,5,4,6,6,6,5,7,7,7,7,5,7,7,4,6,7,7,6,6,5,6,3,7,3,4,5,4,228,0
439,4,6,2,7,4,6,6,2,6,6,5,6,5,3,5,7,5,1,7,7,6,7,4,3,6,7,7,3,4,2,3,7,7,5,7,6,5,2,6,6,5,5,4,6,6,5,228,1
440,5,7,1,7,2,6,7,3,7,7,6,7,3,1,4,1,1,3,4,6,1,5,5,5,5,5,5,5,6,5,6,5,7,7,7,5,6,1,5,6,4,7,4,6,6,7,216,1
441,5,6,5,4,6,5,5,4,3,6,5,6,4,3,6,4,7,1,3,4,4,5,4,4,4,5,6,1,1,3,4,5,5,6,5,5,5,1,5,4,3,6,5,5,6,5,228,0
442,4,4,4,3,3,4,4,6,4,3,4,3,3,4,5,4,4,4,4,5,4,4,4,4,5,7,5,4,4,4,4,3,4,4,4,4,4,4,4,4,2,4,3,4,3,3,228,1
443,7,6,5,5,6,6,7,4,6,7,7,7,7,3,2,5,3,1,7,5,5,6,3,4,7,6,5,4,3,4,4,7,7,7,7,6,6,2,6,7,4,7,7,6,6,7,252,0
444,5,3,2,5,4,3,6,3,6,6,5,5,5,5,1,6,3,5,5,6,4,5,5,5,5,7,3,2,5,5,5,6,5,5,5,5,5,5,4,5,2,5,4,5,5,5,240,1
445,7,5,4,7,6,7,4,7,7,7,7,6,4,4,1,5,3,1,6,4,3,4,4,4,6,7,5,3,4,4,6,6,7,7,7,3,5,3,6,6,4,5,5,4,7,7,240,0
446,3,4,6,4,6,5,4,4,7,7,7,7,7,7,3,7,7,7,7,6,7,7,1,4,7,6,2,1,2,3,4,4,7,4,6,2,2,1,3,4,1,5,2,4,7,4,228,0
447,6,6,5,7,7,5,6,5,7,7,7,6,7,7,6,7,4,6,6,7,5,6,2,6,6,7,5,1,1,5,4,6,3,6,5,5,5,2,5,4,4,6,5,5,6,5,228,1
448,3,4,4,4,3,4,4,3,3,4,4,4,4,4,4,4,6,3,3,3,3,4,4,4,5,3,3,4,3,3,4,3,4,4,4,3,3,4,4,4,4,3,4,3,4,4,240,1
449,7,5,3,4,5,4,7,4,7,6,6,6,6,6,6,5,4,2,4,7,4,7,3,4,6,7,4,2,4,3,3,4,5,6,6,6,7,2,6,5,4,6,5,7,5,5,252,1
450,7,7,6,6,6,7,7,5,7,6,7,5,6,4,5,6,1,6,6,7,3,2,1,4,2,7,4,1,2,2,1,5,6,6,5,3,3,1,4,6,3,6,5,5,5,5,240,0
451,6,7,5,6,6,5,6,5,6,6,6,5,5,5,4,6,3,3,4,4,5,6,4,6,5,7,4,3,4,4,4,6,5,5,6,6,6,3,5,7,4,6,5,6,6,5,228,1
452,7,6,2,6,6,6,7,5,7,7,6,7,6,2,5,6,6,4,6,7,6,7,3,6,5,7,5,2,6,4,7,7,2,7,7,7,7,7,6,5,4,6,7,7,6,4,228,1
453,6,6,4,6,2,5,7,4,7,7,7,7,7,7,6,7,1,3,7,7,2,7,4,4,7,7,7,7,6,7,7,7,4,7,7,7,7,4,7,6,5,7,3,7,7,5,240,1
454,6,5,1,6,4,7,7,4,5,6,5,5,4,3,3,3,1,1,4,3,2,5,3,2,4,5,2,4,4,5,5,4,5,6,6,4,4,3,5,5,3,7,5,6,6,6,216,1
455,7,6,6,7,7,7,5,7,7,7,7,7,7,7,1,6,6,7,6,7,7,7,6,7,7,7,7,7,4,7,6,6,7,7,7,4,4,1,7,6,7,6,7,6,7,7,228,1
456,7,3,4,4,4,5,7,4,6,6,5,6,6,4,4,6,5,1,6,6,4,6,4,6,4,7,4,3,5,4,5,6,5,6,6,6,7,4,7,5,7,7,6,5,6,7,228,0
457,6,6,5,6,6,5,6,4,6,6,6,6,6,5,6,6,6,2,6,5,6,6,4,5,6,6,4,3,4,4,6,6,6,5,7,6,6,3,6,6,5,6,7,6,6,6,216,1
458,6,3,2,6,3,5,5,4,6,6,4,6,4,4,5,5,2,1,5,6,2,6,5,5,5,7,6,5,6,6,5,5,6,6,7,7,6,5,5,4,2,7,5,6,7,4,240,1
459,5,5,2,5,6,5,5,3,6,6,7,5,5,5,4,4,3,3,6,6,5,6,3,3,4,5,4,2,4,6,4,3,4,2,5,5,5,3,7,5,5,5,5,5,5,6,228,1
460,6,7,4,4,5,6,7,4,6,7,6,6,6,4,4,5,5,1,5,5,5,5,4,5,5,7,5,4,5,4,5,7,5,6,7,7,7,3,5,6,4,7,5,4,5,5,228,0
461,5,7,5,7,4,5,7,6,7,7,7,7,6,3,5,7,1,3,6,5,5,7,4,7,7,7,5,3,4,4,3,7,4,7,7,5,7,4,5,5,6,7,4,7,7,6,240,0
462,5,5,3,6,2,4,6,5,7,6,6,6,6,5,2,4,4,4,4,6,4,4,2,4,3,7,3,2,4,5,4,4,6,5,5,5,6,1,6,6,4,4,6,5,6,6,252,1
463,4,3,5,4,4,3,4,3,5,4,4,4,3,3,4,4,3,2,4,5,2,3,3,5,4,3,3,3,4,2,2,4,3,4,3,4,6,2,3,4,4,4,4,4,5,4,240,0
464,5,6,1,5,4,7,7,3,7,6,6,5,4,2,3,6,1,1,3,4,4,6,2,6,5,7,4,1,5,3,4,7,5,7,6,6,7,4,7,5,5,7,4,6,5,6,228,1
465,6,6,2,5,5,6,6,5,5,5,5,5,5,5,6,5,4,1,5,5,4,5,5,2,4,6,3,1,4,2,2,5,4,5,6,4,5,1,4,4,1,5,6,3,4,5,216,1
466,3,3,1,5,5,3,7,2,5,7,7,4,5,3,2,3,3,1,3,3,4,4,2,2,1,7,2,3,3,4,3,5,2,5,5,5,6,2,6,6,5,7,6,4,6,7,228,1
467,4,2,1,4,3,3,5,2,5,5,3,5,3,1,3,4,2,1,5,2,4,4,2,2,2,7,1,2,4,2,4,4,4,5,6,5,5,2,5,4,2,4,4,5,4,2,216,0
468,7,7,4,7,6,7,6,4,7,7,5,7,7,7,4,5,7,7,7,7,7,7,6,7,7,7,5,7,4,6,6,7,6,6,7,2,6,1,6,6,6,7,5,7,7,6,228,1
469,7,6,4,7,7,6,7,5,7,7,6,7,6,4,5,6,2,1,6,5,3,7,2,4,7,7,6,5,3,4,4,6,6,6,6,4,7,2,5,6,4,6,7,6,7,6,252,1
470,7,7,1,6,7,7,7,5,7,7,7,6,7,1,1,2,6,1,5,1,1,4,5,1,5,6,5,1,2,1,1,5,3,6,6,5,7,3,7,6,5,7,5,7,7,7,240,0
471,7,7,4,6,6,7,6,5,6,7,7,5,6,3,2,5,2,1,4,5,4,4,6,2,3,6,4,3,2,4,2,7,5,6,6,6,6,2,6,6,3,6,6,6,6,6,228,1
472,2,2,3,3,4,3,7,3,3,2,3,1,7,4,1,1,1,3,3,2,2,3,2,3,2,7,3,1,3,2,2,7,2,3,2,2,6,3,2,3,1,1,3,2,4,5,228,1
473,6,5,3,5,4,5,7,3,5,5,5,6,5,4,5,6,4,3,6,5,3,6,4,4,6,7,3,4,5,4,4,6,5,6,6,5,6,4,5,4,4,6,5,6,6,5,252,1
474,7,7,1,6,3,7,7,5,7,7,7,6,6,3,4,5,3,1,6,6,4,7,6,6,7,7,4,2,5,2,5,7,5,7,7,5,5,4,7,6,4,7,4,7,7,6,228,1
475,5,5,4,5,5,5,5,4,5,5,4,4,4,4,3,5,4,1,5,5,4,5,4,4,5,7,4,4,4,4,5,5,4,5,5,5,5,2,6,7,5,5,5,6,5,4,216,1
476,4,5,3,6,5,6,7,5,4,7,6,7,4,4,2,5,4,1,6,7,2,6,2,6,7,7,2,1,6,2,6,5,5,7,6,6,5,2,6,4,3,5,5,7,6,5,240,1
477,7,2,1,7,1,5,7,3,7,7,7,7,7,1,1,5,6,1,5,7,7,6,1,5,7,7,7,1,4,6,3,7,7,7,7,6,7,1,7,6,2,6,6,7,7,7,228,1
478,6,6,7,5,7,5,7,5,7,7,6,7,5,5,1,5,4,5,5,6,5,6,5,6,5,7,6,6,3,6,2,6,5,7,7,5,7,3,7,7,7,7,5,7,6,5,228,1
479,6,4,2,5,4,5,5,5,6,6,6,7,4,3,4,4,3,3,6,5,4,3,1,2,6,6,4,3,3,2,4,7,5,6,4,4,4,3,3,4,4,5,6,5,6,5,240,0
480,6,4,4,7,7,4,7,2,7,7,7,7,7,3,4,7,5,1,7,7,6,7,3,4,7,7,7,1,4,4,4,7,6,7,7,7,7,2,7,7,5,6,7,7,7,7,228,1
481,6,5,2,5,3,5,6,4,5,4,5,5,4,3,3,5,4,2,4,4,4,4,5,7,5,7,2,2,4,3,3,6,5,6,7,5,6,1,3,3,1,6,4,5,7,3,240,1
482,6,5,1,6,4,6,6,4,7,7,5,5,5,3,1,5,3,1,5,6,6,5,4,4,6,7,5,4,4,2,4,4,4,5,5,4,5,3,5,4,2,6,5,5,5,3,240,1
483,7,3,3,6,4,5,7,5,6,7,7,7,6,4,4,6,2,5,7,6,6,6,6,6,6,7,6,2,4,6,5,7,6,7,7,4,5,1,6,5,4,6,5,7,7,7,228,0
484,6,5,4,4,4,4,5,4,5,5,5,5,5,4,4,5,4,5,5,5,5,5,4,5,4,6,4,4,4,4,4,5,5,5,5,4,4,3,4,4,3,4,4,5,4,4,216,1
485,7,7,7,5,6,7,6,3,7,7,7,7,6,6,6,6,5,6,7,7,5,7,3,4,4,7,4,1,3,4,4,6,3,7,6,5,7,2,6,4,3,6,5,5,6,6,228,1
486,4,6,4,6,5,3,6,4,6,5,4,5,4,4,2,6,4,1,5,5,5,6,6,4,4,7,3,2,6,3,6,5,4,6,6,5,6,3,5,6,3,5,5,6,5,4,252,1
487,4,7,1,7,4,7,6,1,7,5,6,7,3,5,3,5,5,1,7,7,5,7,4,7,6,7,7,6,7,2,6,7,5,7,7,7,7,3,6,6,1,7,4,5,5,5,216,1
488,5,5,2,5,2,5,6,3,5,5,5,5,4,4,3,3,1,2,5,4,5,3,5,5,5,7,2,2,5,3,4,6,4,5,6,4,5,2,3,2,1,5,4,5,7,3,228,1
489,6,6,2,4,3,5,6,3,5,6,5,6,7,3,5,7,3,5,5,5,5,6,4,4,4,7,2,1,3,3,2,5,2,6,6,3,4,3,4,4,2,6,4,5,5,4,240,0
490,7,5,4,6,5,5,6,4,7,7,5,6,6,6,6,6,6,4,4,5,5,6,5,4,6,7,5,1,1,3,6,6,6,6,6,6,7,4,5,5,4,6,3,6,7,5,240,1
491,7,7,5,7,7,7,7,6,7,7,7,7,5,7,7,7,5,6,7,7,7,7,1,7,7,7,7,6,4,7,1,7,6,7,7,7,7,7,7,5,6,7,7,7,1,7,240,1
492,6,5,3,5,5,6,6,5,6,5,6,5,6,4,3,5,4,2,4,4,5,6,5,4,5,6,4,3,4,5,5,6,5,6,6,5,5,2,6,6,4,6,5,6,5,6,252,1
493,7,5,5,7,5,5,6,4,7,7,7,7,6,7,1,7,3,6,7,7,7,7,4,5,7,7,4,4,5,5,7,7,4,7,7,7,7,4,7,7,7,6,6,6,7,6,252,0
494,5,4,1,5,1,5,5,2,7,7,7,6,5,2,6,5,4,1,6,6,5,5,4,2,7,6,2,2,4,3,3,6,5,5,7,3,4,1,4,5,3,5,4,6,7,5,216,0
495,7,7,5,6,7,7,6,6,7,7,7,7,5,2,1,5,3,1,7,6,5,7,7,7,5,7,3,1,5,3,6,7,4,7,7,7,7,2,5,6,3,7,5,7,6,4,228,1
496,7,7,5,6,6,7,7,7,6,6,7,6,6,3,2,5,1,1,4,5,4,5,4,3,4,5,4,2,2,3,4,6,5,5,6,5,6,1,6,7,5,6,7,6,7,7,252,1
497,5,5,2,6,5,5,6,5,6,6,5,5,5,4,3,4,3,4,5,4,5,5,4,6,5,5,4,5,5,5,5,6,5,6,6,6,5,4,6,6,5,6,5,6,6,6,216,1
498,7,6,4,5,5,7,7,5,5,7,7,7,7,5,4,7,2,5,6,7,4,7,4,7,3,7,6,1,3,5,4,7,5,6,7,5,7,4,5,7,4,7,4,5,7,5,216,1
499,6,5,4,6,6,5,6,4,6,7,6,7,7,3,1,5,4,2,4,5,4,6,3,4,5,7,5,4,6,5,5,7,5,7,7,7,7,3,7,5,3,5,7,5,7,4,216,1
500,6,5,1,6,3,5,6,4,7,7,7,6,6,5,4,6,4,1,6,5,4,5,1,3,5,6,2,2,4,5,5,6,5,6,6,4,7,4,6,5,4,5,5,6,6,6,264,1
501,3,3,4,5,4,5,6,4,5,5,5,4,6,3,4,5,5,1,5,5,4,5,4,5,5,6,4,6,5,5,6,4,6,3,6,4,6,5,7,6,5,5,6,5,6,6,228,0
502,4,3,2,4,5,3,6,2,7,5,5,6,6,5,4,5,4,3,5,6,3,5,5,3,3,6,5,3,4,4,5,6,5,7,5,4,6,4,7,5,4,4,7,6,6,5,216,1
503,6,6,5,5,6,6,6,4,6,6,6,5,6,6,6,7,6,7,6,7,6,6,4,3,3,6,2,2,3,4,3,4,5,4,5,5,5,5,4,4,5,4,6,4,5,6,240,0
504,6,6,4,6,6,6,6,4,6,6,6,6,6,4,4,6,5,1,6,5,6,6,5,5,5,6,6,3,2,5,4,6,4,6,6,4,5,3,5,6,3,6,7,6,6,5,216,0
505,2,6,1,5,5,4,2,2,6,4,3,5,3,5,4,3,1,5,4,6,5,5,5,5,6,6,4,4,6,4,6,5,5,6,7,6,6,1,6,2,2,5,4,5,4,3,216,0
506,6,3,3,7,5,5,7,5,6,6,5,7,4,3,3,4,3,3,4,4,4,6,4,4,4,5,4,4,5,4,6,7,5,6,7,6,7,2,7,6,4,6,5,7,5,3,228,1
507,6,5,1,5,4,6,7,4,6,5,5,6,3,4,5,6,1,1,6,7,6,5,3,3,6,7,5,4,3,2,2,7,4,6,6,3,6,1,6,6,2,5,7,6,6,7,240,1
508,7,4,4,7,1,7,7,7,7,7,7,7,7,7,1,3,4,7,7,4,7,7,7,7,2,7,7,7,2,7,7,4,4,7,5,4,7,1,7,7,4,7,7,7,7,4,216,0
509,4,6,5,6,6,5,6,5,6,5,5,5,5,2,3,5,6,1,4,5,4,5,4,6,5,5,2,4,5,4,5,5,7,6,6,6,7,5,6,5,5,6,5,6,6,6,240,0
510,6,7,4,6,4,4,5,7,7,7,7,7,7,6,5,7,4,7,7,7,7,7,7,7,7,7,7,2,3,7,7,7,7,7,7,5,2,1,4,7,4,7,6,6,7,4,228,0
511,6,4,4,4,4,5,4,4,4,4,4,4,4,4,4,4,4,1,4,4,4,4,4,4,4,4,4,4,4,4,4,4,4,4,4,4,4,4,4,4,4,4,4,5,4,4,240,1
512,NA,6,NA,6,NA,6,NA,NA,5,7,NA,NA,NA,NA,NA,6,5,6,NA,NA,6,NA,4,NA,NA,NA,NA,3,NA,NA,NA,NA,NA,NA,NA,NA,5,NA,NA,5,NA,5,NA,6,NA,NA,NA,NA
513,NA,NA,NA,NA,NA,5,NA,NA,NA,6,NA,5,NA,NA,NA,4,NA,NA,NA,NA,NA,NA,NA,NA,NA,NA,NA,NA,NA,NA,NA,NA,NA,5,NA,NA,NA,NA,NA,NA,NA,NA,NA,NA,6,4,NA,NA
514,6,7,3,6,5,4,5,4,5,6,5,5,5,4,7,6,5,1,6,4,2,5,3,3,5,6,6,3,5,4,6,4,4,5,6,6,5,2,6,7,3,4,4,4,5,3,216,0
515,6,4,2,6,5,4,7,2,6,7,7,6,5,6,3,6,4,2,4,6,6,5,3,4,6,6,4,1,4,6,4,5,5,6,5,5,6,5,5,6,4,6,5,6,6,5,252,0
516,6,4,1,6,4,5,6,2,6,6,5,7,5,1,6,6,5,1,5,4,5,6,4,5,6,6,5,4,6,4,1,7,4,7,6,5,7,4,5,5,1,6,6,7,7,5,252,1
517,6,6,4,6,6,6,6,4,6,4,6,5,6,2,3,6,3,1,6,3,5,5,4,5,5,6,4,2,5,3,5,5,5,5,5,5,4,1,3,4,2,5,3,6,6,4,228,1
518,7,7,3,7,7,7,5,3,7,7,7,7,5,7,3,6,4,7,7,5,7,7,1,3,1,7,4,4,4,4,5,7,7,7,7,4,6,1,7,5,5,6,7,4,4,6,240,1
519,7,6,4,6,4,7,7,6,6,7,6,6,6,1,6,5,1,1,5,4,3,7,4,4,7,6,4,1,4,1,4,6,4,7,6,6,6,4,4,6,3,7,6,7,7,4,264,0
520,4,5,4,6,6,4,7,5,4,4,4,5,3,4,5,4,3,4,5,4,4,5,4,3,5,5,3,5,5,4,5,5,5,6,6,6,7,5,7,6,5,6,5,5,5,7,216,1
521,7,6,4,6,6,7,7,4,6,7,6,7,4,1,1,5,1,2,4,3,2,6,4,2,5,7,3,6,4,4,3,7,6,7,6,5,7,4,7,7,7,7,7,7,7,7,228,1
522,7,6,3,7,7,4,7,3,7,7,5,7,7,5,2,5,3,7,5,7,7,7,4,4,5,7,4,2,4,4,7,6,5,7,7,5,6,2,4,5,3,7,7,7,7,5,216,1
523,6,6,5,6,5,6,6,6,6,6,6,6,6,5,4,6,4,4,5,6,4,6,4,4,5,6,4,4,3,4,4,6,6,6,5,4,5,2,5,5,4,6,6,6,5,5,216,1
524,7,7,3,6,3,5,6,4,7,7,5,6,6,5,4,7,5,6,7,6,5,7,3,6,6,7,6,2,4,3,4,5,5,5,5,6,6,4,5,3,4,7,4,6,6,4,216,1
525,7,7,4,7,5,7,6,5,7,7,6,6,6,6,4,6,5,4,6,6,6,6,4,7,6,7,5,4,6,5,6,7,6,6,7,6,7,4,7,7,5,7,7,6,6,7,252,1
526,7,7,4,7,7,7,7,5,7,7,7,7,6,6,1,7,7,2,6,6,7,7,4,4,7,7,5,3,5,7,6,7,7,7,5,7,7,4,7,7,3,7,7,6,7,7,252,1
527,5,6,5,6,6,6,6,4,7,7,6,6,7,6,6,6,4,7,7,6,6,6,6,5,5,7,6,3,5,3,6,3,6,6,5,4,4,5,4,4,1,5,5,5,5,4,240,1
528,4,7,5,6,5,4,4,6,5,5,5,5,4,2,4,6,1,1,5,4,4,5,2,4,6,7,1,5,3,3,3,3,4,5,4,5,5,2,5,6,5,6,5,7,5,7,264,0
529,6,6,1,7,6,4,5,3,6,7,4,6,4,3,7,2,3,3,6,5,4,6,5,7,5,6,6,5,6,6,7,7,4,6,7,6,6,2,5,7,4,7,6,6,7,7,216,1
530,7,6,5,5,7,5,6,3,5,7,5,5,6,2,4,5,5,1,5,5,4,5,5,7,7,6,3,5,4,3,4,5,4,6,6,6,7,5,5,6,3,6,7,5,5,6,228,1
531,7,7,3,7,5,7,7,4,6,7,7,7,5,4,3,6,6,1,7,7,4,7,6,5,4,7,2,4,4,4,6,7,6,7,7,5,7,2,6,5,2,7,4,5,7,7,216,0
532,7,7,4,5,4,7,7,5,7,7,6,5,5,4,3,3,4,2,5,5,5,6,5,5,5,7,4,4,4,4,5,7,5,7,7,5,6,2,6,7,4,7,4,6,7,3,228,1
533,7,7,2,6,7,6,7,4,5,5,6,4,5,5,2,6,2,2,3,5,3,7,4,6,3,7,6,3,5,2,7,3,7,5,6,7,7,6,7,6,2,7,6,6,7,5,264,1
534,6,7,7,7,7,7,7,7,7,7,7,7,6,4,4,7,5,4,7,7,5,7,4,7,5,7,7,2,3,4,5,7,7,7,7,6,7,1,7,7,5,7,7,7,7,7,216,1
535,6,6,4,6,6,6,7,2,6,7,7,7,6,7,2,6,1,2,5,5,4,6,5,7,5,7,4,4,4,4,5,7,5,5,7,7,7,2,7,6,1,5,7,4,6,5,240,1
536,5,6,2,5,4,5,7,5,7,7,6,6,7,3,3,7,5,4,6,5,4,7,5,6,5,7,4,6,6,5,7,7,6,7,7,7,7,4,6,6,4,7,4,6,6,4,240,1
537,5,4,4,5,3,5,3,3,6,6,5,5,3,4,4,5,5,1,5,5,5,5,3,4,4,6,4,3,3,4,6,5,3,6,6,2,6,4,5,5,3,5,5,5,6,5,216,1
538,2,5,5,5,5,6,5,4,6,5,4,7,5,6,2,4,3,6,5,7,7,6,7,7,5,7,7,4,7,6,7,7,6,7,7,6,5,5,7,6,6,6,7,7,6,5,216,0
539,7,4,3,5,4,3,6,4,5,5,4,6,5,5,5,5,3,2,5,5,4,5,4,6,6,5,4,3,5,3,4,5,5,5,6,5,7,4,7,3,4,6,4,6,5,5,216,1
540,7,4,3,6,4,5,5,5,5,4,4,4,4,2,3,4,1,2,4,4,1,4,1,1,3,6,2,5,5,2,2,7,5,7,7,7,7,4,7,7,5,6,7,6,7,5,228,1
541,7,7,5,5,7,7,7,7,7,5,6,4,7,5,3,4,4,5,5,5,4,5,4,6,6,7,4,3,4,4,5,5,4,5,6,4,6,1,6,6,5,7,7,6,7,5,216,1
542,7,5,5,5,6,4,7,6,7,7,7,7,5,5,3,6,5,2,7,6,4,7,5,5,6,7,7,3,5,3,7,7,6,6,7,6,7,3,6,7,6,6,5,7,7,7,240,1
543,5,4,6,6,5,2,6,3,4,5,4,2,4,5,4,5,6,4,5,4,3,6,2,4,5,7,5,4,4,3,6,6,4,5,6,5,5,3,4,5,3,5,4,4,6,6,216,1
544,5,5,3,5,6,6,6,4,5,6,6,6,5,4,4,6,2,1,5,6,5,5,4,4,5,6,5,3,4,3,3,5,6,6,6,6,6,3,6,6,6,6,6,5,7,6,240,1
545,4,4,3,5,3,3,5,4,6,5,5,5,5,3,4,4,4,1,4,4,2,4,3,5,4,5,3,2,3,3,3,4,4,5,5,4,5,2,5,5,5,5,5,5,5,5,252,0
546,6,7,3,7,5,6,7,6,7,7,6,7,4,2,6,6,2,6,7,6,7,6,2,5,5,7,4,3,2,4,6,7,7,7,7,1,5,1,6,5,5,7,7,5,7,5,228,0
,,,,,,,,,,,,,,,,,,,,,,,,,,,,,,,,,,,,,,,,,,,,,,,,
,,,,,,,,,,,,,,,,,,,,,,,,,,,,,,,,,,,,,,,,,,,,,,,,
,,,,,,,,,,,,,,,,,,,,,,,,,,,,,,,,,,,,,,,,,,,,,,,,
,,,,,,,,,,,,,,,,,,,,,,,,,,,,,,,,,,,,,,,,,,,,,,,,
,,,,,,,,,,,,,,,,,,,,,,,,,,,,,,,,,,,,,,,,,,,,,,,,
,,,,,,,,,,,,,,,,,,,,,,,,,,,,,,,,,,,,,,,,,,,,,,,,
,,,,,,,,,,,,,,,,,,,,,,,,,,,,,,,,,,,,,,,,,,,,,,,,
,,,,,,,,,,,,,,,,,,,,,,,,,,,,,,,,,,,,,,,,,,,,,,,,
,,,,,,,,,,,,,,,,,,,,,,,,,,,,,,,,,,,,,,,,,,,,,,,,
,,,,,,,,,,,,,,,,,,,,,,,,,,,,,,,,,,,,,,,,,,,,,,,,
,,,,,,,,,,,,,,,,,,,,,,,,,,,,,,,,,,,,,,,,,,,,,,,,
