family,child,child_unique,scale,score,wordlist,cards,matrices,figures,animals,occupats,order,fam_size,verbal,spatial
1,1,16,1,23,1,0,0,0,0,0,0,5,1,0
1,1,16,1,31,0,1,0,0,0,0,0,5,1,0
1,1,16,1,24,0,0,1,0,0,0,0,5,1,0
1,1,16,2,32,0,0,0,1,0,0,0,5,0,1
1,1,16,2,31,0,0,0,0,1,0,0,5,0,1
1,1,16,2,29,0,0,0,0,0,1,0,5,0,1
1,2,17,1,32,1,0,0,0,0,0,.25,5,1,0
1,2,17,1,27,0,1,0,0,0,0,.25,5,1,0
1,2,17,1,25,0,0,1,0,0,0,.25,5,1,0
1,2,17,2,29,0,0,0,1,0,0,.25,5,0,1
1,2,17,2,31,0,0,0,0,1,0,.25,5,0,1
1,2,17,2,29,0,0,0,0,0,1,.25,5,0,1
1,3,18,1,24,1,0,0,0,0,0,.5,5,1,0
1,3,18,1,29,0,1,0,0,0,0,.5,5,1,0
1,3,18,1,24,0,0,1,0,0,0,.5,5,1,0
1,3,18,2,33,0,0,0,1,0,0,.5,5,0,1
1,3,18,2,36,0,0,0,0,1,0,.5,5,0,1
1,3,18,2,35,0,0,0,0,0,1,.5,5,0,1
1,4,19,1,30,1,0,0,0,0,0,.75,5,1,0
1,4,19,1,32,0,1,0,0,0,0,.75,5,1,0
1,4,19,1,27,0,0,1,0,0,0,.75,5,1,0
1,4,19,2,29,0,0,0,1,0,0,.75,5,0,1
1,4,19,2,37,0,0,0,0,1,0,.75,5,0,1
1,4,19,2,33,0,0,0,0,0,1,.75,5,0,1
1,5,20,1,28,1,0,0,0,0,0,1,5,1,0
1,5,20,1,28,0,1,0,0,0,0,1,5,1,0
1,5,20,1,23,0,0,1,0,0,0,1,5,1,0
1,5,20,2,27,0,0,0,1,0,0,1,5,0,1
1,5,20,2,36,0,0,0,0,1,0,1,5,0,1
1,5,20,2,28,0,0,0,0,0,1,1,5,0,1
2,1,31,1,29,1,0,0,0,0,0,0,6,1,0
2,1,31,1,36,0,1,0,0,0,0,0,6,1,0
2,1,31,1,31,0,0,1,0,0,0,0,6,1,0
2,1,31,2,35,0,0,0,1,0,0,0,6,0,1
2,1,31,2,34,0,0,0,0,1,0,0,6,0,1
2,1,31,2,32,0,0,0,0,0,1,0,6,0,1
2,2,32,1,27,1,0,0,0,0,0,.2,6,1,0
2,2,32,1,31,0,1,0,0,0,0,.2,6,1,0
2,2,32,1,26,0,0,1,0,0,0,.2,6,1,0
2,2,32,2,25,0,0,0,1,0,0,.2,6,0,1
2,2,32,2,30,0,0,0,0,1,0,.2,6,0,1
2,2,32,2,31,0,0,0,0,0,1,.2,6,0,1
2,3,33,1,37,1,0,0,0,0,0,.4,6,1,0
2,3,33,1,37,0,1,0,0,0,0,.4,6,1,0
2,3,33,1,35,0,0,1,0,0,0,.4,6,1,0
2,3,33,2,38,0,0,0,1,0,0,.4,6,0,1
2,3,33,2,35,0,0,0,0,1,0,.4,6,0,1
2,3,33,2,36,0,0,0,0,0,1,.4,6,0,1
2,4,34,1,29,1,0,0,0,0,0,.6,6,1,0
2,4,34,1,30,0,1,0,0,0,0,.6,6,1,0
2,4,34,1,24,0,0,1,0,0,0,.6,6,1,0
2,4,34,2,24,0,0,0,1,0,0,.6,6,0,1
2,4,34,2,31,0,0,0,0,1,0,.6,6,0,1
2,4,34,2,33,0,0,0,0,0,1,.6,6,0,1
2,5,35,1,31,1,0,0,0,0,0,.8,6,1,0
2,5,35,1,30,0,1,0,0,0,0,.8,6,1,0
2,5,35,1,30,0,0,1,0,0,0,.8,6,1,0
2,5,35,2,31,0,0,0,1,0,0,.8,6,0,1
2,5,35,2,37,0,0,0,0,1,0,.8,6,0,1
2,5,35,2,35,0,0,0,0,0,1,.8,6,0,1
2,6,36,1,25,1,0,0,0,0,0,1,6,1,0
2,6,36,1,31,0,1,0,0,0,0,1,6,1,0
2,6,36,1,26,0,0,1,0,0,0,1,6,1,0
2,6,36,2,33,0,0,0,1,0,0,1,6,0,1
2,6,36,2,32,0,0,0,0,1,0,1,6,0,1
2,6,36,2,39,0,0,0,0,0,1,1,6,0,1
3,1,46,1,31,1,0,0,0,0,0,0,5,1,0
3,1,46,1,31,0,1,0,0,0,0,0,5,1,0
3,1,46,1,34,0,0,1,0,0,0,0,5,1,0
3,1,46,2,35,0,0,0,1,0,0,0,5,0,1
3,1,46,2,34,0,0,0,0,1,0,0,5,0,1
3,1,46,2,31,0,0,0,0,0,1,0,5,0,1
3,2,47,1,37,1,0,0,0,0,0,.25,5,1,0
3,2,47,1,31,0,1,0,0,0,0,.25,5,1,0
3,2,47,1,30,0,0,1,0,0,0,.25,5,1,0
3,2,47,2,31,0,0,0,1,0,0,.25,5,0,1
3,2,47,2,26,0,0,0,0,1,0,.25,5,0,1
3,2,47,2,27,0,0,0,0,0,1,.25,5,0,1
3,3,48,1,38,1,0,0,0,0,0,.5,5,1,0
3,3,48,1,35,0,1,0,0,0,0,.5,5,1,0
3,3,48,1,35,0,0,1,0,0,0,.5,5,1,0
3,3,48,2,33,0,0,0,1,0,0,.5,5,0,1
3,3,48,2,30,0,0,0,0,1,0,.5,5,0,1
3,3,48,2,33,0,0,0,0,0,1,.5,5,0,1
3,4,49,1,27,1,0,0,0,0,0,.75,5,1,0
3,4,49,1,24,0,1,0,0,0,0,.75,5,1,0
3,4,49,1,22,0,0,1,0,0,0,.75,5,1,0
3,4,49,2,34,0,0,0,1,0,0,.75,5,0,1
3,4,49,2,29,0,0,0,0,1,0,.75,5,0,1
3,4,49,2,29,0,0,0,0,0,1,.75,5,0,1
3,5,50,1,33,1,0,0,0,0,0,1,5,1,0
3,5,50,1,29,0,1,0,0,0,0,1,5,1,0
3,5,50,1,34,0,0,1,0,0,0,1,5,1,0
3,5,50,2,34,0,0,0,1,0,0,1,5,0,1
3,5,50,2,33,0,0,0,0,1,0,1,5,0,1
3,5,50,2,33,0,0,0,0,0,1,1,5,0,1
4,1,61,1,28,1,0,0,0,0,0,0,8,1,0
4,1,61,1,24,0,1,0,0,0,0,0,8,1,0
4,1,61,1,21,0,0,1,0,0,0,0,8,1,0
4,1,61,2,21,0,0,0,1,0,0,0,8,0,1
4,1,61,2,24,0,0,0,0,1,0,0,8,0,1
4,1,61,2,30,0,0,0,0,0,1,0,8,0,1
4,2,62,1,31,1,0,0,0,0,0,.142857142857143,8,1,0
4,2,62,1,32,0,1,0,0,0,0,.142857142857143,8,1,0
4,2,62,1,33,0,0,1,0,0,0,.142857142857143,8,1,0
4,2,62,2,32,0,0,0,1,0,0,.142857142857143,8,0,1
4,2,62,2,35,0,0,0,0,1,0,.142857142857143,8,0,1
4,2,62,2,37,0,0,0,0,0,1,.142857142857143,8,0,1
4,3,63,1,27,1,0,0,0,0,0,.285714285714286,8,1,0
4,3,63,1,24,0,1,0,0,0,0,.285714285714286,8,1,0
4,3,63,1,25,0,0,1,0,0,0,.285714285714286,8,1,0
4,3,63,2,27,0,0,0,1,0,0,.285714285714286,8,0,1
4,3,63,2,24,0,0,0,0,1,0,.285714285714286,8,0,1
4,3,63,2,27,0,0,0,0,0,1,.285714285714286,8,0,1
4,4,64,1,22,1,0,0,0,0,0,.428571428571429,8,1,0
4,4,64,1,25,0,1,0,0,0,0,.428571428571429,8,1,0
4,4,64,1,15,0,0,1,0,0,0,.428571428571429,8,1,0
4,4,64,2,25,0,0,0,1,0,0,.428571428571429,8,0,1
4,4,64,2,28,0,0,0,0,1,0,.428571428571429,8,0,1
4,4,64,2,28,0,0,0,0,0,1,.428571428571429,8,0,1
4,5,65,1,29,1,0,0,0,0,0,.571428571428571,8,1,0
4,5,65,1,32,0,1,0,0,0,0,.571428571428571,8,1,0
4,5,65,1,26,0,0,1,0,0,0,.571428571428571,8,1,0
4,5,65,2,25,0,0,0,1,0,0,.571428571428571,8,0,1
4,5,65,2,25,0,0,0,0,1,0,.571428571428571,8,0,1
4,5,65,2,25,0,0,0,0,0,1,.571428571428571,8,0,1
4,6,66,1,30,1,0,0,0,0,0,.714285714285714,8,1,0
4,6,66,1,28,0,1,0,0,0,0,.714285714285714,8,1,0
4,6,66,1,25,0,0,1,0,0,0,.714285714285714,8,1,0
4,6,66,2,33,0,0,0,1,0,0,.714285714285714,8,0,1
4,6,66,2,31,0,0,0,0,1,0,.714285714285714,8,0,1
4,6,66,2,33,0,0,0,0,0,1,.714285714285714,8,0,1
4,7,67,1,30,1,0,0,0,0,0,.857142857142857,8,1,0
4,7,67,1,23,0,1,0,0,0,0,.857142857142857,8,1,0
4,7,67,1,23,0,0,1,0,0,0,.857142857142857,8,1,0
4,7,67,2,32,0,0,0,1,0,0,.857142857142857,8,0,1
4,7,67,2,37,0,0,0,0,1,0,.857142857142857,8,0,1
4,7,67,2,35,0,0,0,0,0,1,.857142857142857,8,0,1
4,8,68,1,29,1,0,0,0,0,0,1,8,1,0
4,8,68,1,28,0,1,0,0,0,0,1,8,1,0
4,8,68,1,24,0,0,1,0,0,0,1,8,1,0
4,8,68,2,29,0,0,0,1,0,0,1,8,0,1
4,8,68,2,29,0,0,0,0,1,0,1,8,0,1
4,8,68,2,31,0,0,0,0,0,1,1,8,0,1
5,1,76,1,40,1,0,0,0,0,0,0,8,1,0
5,1,76,1,38,0,1,0,0,0,0,0,8,1,0
5,1,76,1,42,0,0,1,0,0,0,0,8,1,0
5,1,76,2,34,0,0,0,1,0,0,0,8,0,1
5,1,76,2,37,0,0,0,0,1,0,0,8,0,1
5,1,76,2,37,0,0,0,0,0,1,0,8,0,1
5,2,77,1,33,1,0,0,0,0,0,.142857142857143,8,1,0
5,2,77,1,33,0,1,0,0,0,0,.142857142857143,8,1,0
5,2,77,1,37,0,0,1,0,0,0,.142857142857143,8,1,0
5,2,77,2,26,0,0,0,1,0,0,.142857142857143,8,0,1
5,2,77,2,34,0,0,0,0,1,0,.142857142857143,8,0,1
5,2,77,2,31,0,0,0,0,0,1,.142857142857143,8,0,1
5,3,78,1,29,1,0,0,0,0,0,.285714285714286,8,1,0
5,3,78,1,24,0,1,0,0,0,0,.285714285714286,8,1,0
5,3,78,1,30,0,0,1,0,0,0,.285714285714286,8,1,0
5,3,78,2,35,0,0,0,1,0,0,.285714285714286,8,0,1
5,3,78,2,37,0,0,0,0,1,0,.285714285714286,8,0,1
5,3,78,2,35,0,0,0,0,0,1,.285714285714286,8,0,1
5,4,79,1,34,1,0,0,0,0,0,.428571428571429,8,1,0
5,4,79,1,31,0,1,0,0,0,0,.428571428571429,8,1,0
5,4,79,1,33,0,0,1,0,0,0,.428571428571429,8,1,0
5,4,79,2,28,0,0,0,1,0,0,.428571428571429,8,0,1
5,4,79,2,39,0,0,0,0,1,0,.428571428571429,8,0,1
5,4,79,2,32,0,0,0,0,0,1,.428571428571429,8,0,1
5,5,80,1,32,1,0,0,0,0,0,.571428571428571,8,1,0
5,5,80,1,34,0,1,0,0,0,0,.571428571428571,8,1,0
5,5,80,1,38,0,0,1,0,0,0,.571428571428571,8,1,0
5,5,80,2,30,0,0,0,1,0,0,.571428571428571,8,0,1
5,5,80,2,33,0,0,0,0,1,0,.571428571428571,8,0,1
5,5,80,2,31,0,0,0,0,0,1,.571428571428571,8,0,1
5,6,81,1,33,1,0,0,0,0,0,.714285714285714,8,1,0
5,6,81,1,29,0,1,0,0,0,0,.714285714285714,8,1,0
5,6,81,1,31,0,0,1,0,0,0,.714285714285714,8,1,0
5,6,81,2,27,0,0,0,1,0,0,.714285714285714,8,0,1
5,6,81,2,29,0,0,0,0,1,0,.714285714285714,8,0,1
5,6,81,2,28,0,0,0,0,0,1,.714285714285714,8,0,1
5,7,82,1,31,1,0,0,0,0,0,.857142857142857,8,1,0
5,7,82,1,24,0,1,0,0,0,0,.857142857142857,8,1,0
5,7,82,1,29,0,0,1,0,0,0,.857142857142857,8,1,0
5,7,82,2,33,0,0,0,1,0,0,.857142857142857,8,0,1
5,7,82,2,32,0,0,0,0,1,0,.857142857142857,8,0,1
5,7,82,2,28,0,0,0,0,0,1,.857142857142857,8,0,1
5,8,83,1,28,1,0,0,0,0,0,1,8,1,0
5,8,83,1,27,0,1,0,0,0,0,1,8,1,0
5,8,83,1,32,0,0,1,0,0,0,1,8,1,0
5,8,83,2,40,0,0,0,1,0,0,1,8,0,1
5,8,83,2,34,0,0,0,0,1,0,1,8,0,1
5,8,83,2,36,0,0,0,0,0,1,1,8,0,1
6,1,91,1,33,1,0,0,0,0,0,0,8,1,0
6,1,91,1,32,0,1,0,0,0,0,0,8,1,0
6,1,91,1,33,0,0,1,0,0,0,0,8,1,0
6,1,91,2,30,0,0,0,1,0,0,0,8,0,1
6,1,91,2,32,0,0,0,0,1,0,0,8,0,1
6,1,91,2,26,0,0,0,0,0,1,0,8,0,1
6,2,92,1,19,1,0,0,0,0,0,.142857142857143,8,1,0
6,2,92,1,24,0,1,0,0,0,0,.142857142857143,8,1,0
6,2,92,1,21,0,0,1,0,0,0,.142857142857143,8,1,0
6,2,92,2,28,0,0,0,1,0,0,.142857142857143,8,0,1
6,2,92,2,22,0,0,0,0,1,0,.142857142857143,8,0,1
6,2,92,2,30,0,0,0,0,0,1,.142857142857143,8,0,1
6,3,93,1,37,1,0,0,0,0,0,.285714285714286,8,1,0
6,3,93,1,37,0,1,0,0,0,0,.285714285714286,8,1,0
6,3,93,1,32,0,0,1,0,0,0,.285714285714286,8,1,0
6,3,93,2,25,0,0,0,1,0,0,.285714285714286,8,0,1
6,3,93,2,32,0,0,0,0,1,0,.285714285714286,8,0,1
6,3,93,2,28,0,0,0,0,0,1,.285714285714286,8,0,1
6,4,94,1,12,1,0,0,0,0,0,.428571428571429,8,1,0
6,4,94,1,18,0,1,0,0,0,0,.428571428571429,8,1,0
6,4,94,1,17,0,0,1,0,0,0,.428571428571429,8,1,0
6,4,94,2,27,0,0,0,1,0,0,.428571428571429,8,0,1
6,4,94,2,27,0,0,0,0,1,0,.428571428571429,8,0,1
6,4,94,2,30,0,0,0,0,0,1,.428571428571429,8,0,1
6,5,95,1,31,1,0,0,0,0,0,.571428571428571,8,1,0
6,5,95,1,31,0,1,0,0,0,0,.571428571428571,8,1,0
6,5,95,1,28,0,0,1,0,0,0,.571428571428571,8,1,0
6,5,95,2,32,0,0,0,1,0,0,.571428571428571,8,0,1
6,5,95,2,26,0,0,0,0,1,0,.571428571428571,8,0,1
6,5,95,2,28,0,0,0,0,0,1,.571428571428571,8,0,1
6,6,96,1,21,1,0,0,0,0,0,.714285714285714,8,1,0
6,6,96,1,23,0,1,0,0,0,0,.714285714285714,8,1,0
6,6,96,1,25,0,0,1,0,0,0,.714285714285714,8,1,0
6,6,96,2,22,0,0,0,1,0,0,.714285714285714,8,0,1
6,6,96,2,18,0,0,0,0,1,0,.714285714285714,8,0,1
6,6,96,2,20,0,0,0,0,0,1,.714285714285714,8,0,1
6,7,97,1,29,1,0,0,0,0,0,.857142857142857,8,1,0
6,7,97,1,28,0,1,0,0,0,0,.857142857142857,8,1,0
6,7,97,1,29,0,0,1,0,0,0,.857142857142857,8,1,0
6,7,97,2,31,0,0,0,1,0,0,.857142857142857,8,0,1
6,7,97,2,30,0,0,0,0,1,0,.857142857142857,8,0,1
6,7,97,2,29,0,0,0,0,0,1,.857142857142857,8,0,1
6,8,98,1,12,1,0,0,0,0,0,1,8,1,0
6,8,98,1,18,0,1,0,0,0,0,1,8,1,0
6,8,98,1,17,0,0,1,0,0,0,1,8,1,0
6,8,98,2,19,0,0,0,1,0,0,1,8,0,1
6,8,98,2,16,0,0,0,0,1,0,1,8,0,1
6,8,98,2,21,0,0,0,0,0,1,1,8,0,1
7,1,106,1,38,1,0,0,0,0,0,0,8,1,0
7,1,106,1,36,0,1,0,0,0,0,0,8,1,0
7,1,106,1,34,0,0,1,0,0,0,0,8,1,0
7,1,106,2,35,0,0,0,1,0,0,0,8,0,1
7,1,106,2,35,0,0,0,0,1,0,0,8,0,1
7,1,106,2,32,0,0,0,0,0,1,0,8,0,1
7,2,107,1,29,1,0,0,0,0,0,.142857142857143,8,1,0
7,2,107,1,31,0,1,0,0,0,0,.142857142857143,8,1,0
7,2,107,1,33,0,0,1,0,0,0,.142857142857143,8,1,0
7,2,107,2,30,0,0,0,1,0,0,.142857142857143,8,0,1
7,2,107,2,31,0,0,0,0,1,0,.142857142857143,8,0,1
7,2,107,2,32,0,0,0,0,0,1,.142857142857143,8,0,1
7,3,108,1,36,1,0,0,0,0,0,.285714285714286,8,1,0
7,3,108,1,38,0,1,0,0,0,0,.285714285714286,8,1,0
7,3,108,1,36,0,0,1,0,0,0,.285714285714286,8,1,0
7,3,108,2,35,0,0,0,1,0,0,.285714285714286,8,0,1
7,3,108,2,32,0,0,0,0,1,0,.285714285714286,8,0,1
7,3,108,2,32,0,0,0,0,0,1,.285714285714286,8,0,1
7,4,109,1,27,1,0,0,0,0,0,.428571428571429,8,1,0
7,4,109,1,35,0,1,0,0,0,0,.428571428571429,8,1,0
7,4,109,1,36,0,0,1,0,0,0,.428571428571429,8,1,0
7,4,109,2,33,0,0,0,1,0,0,.428571428571429,8,0,1
7,4,109,2,33,0,0,0,0,1,0,.428571428571429,8,0,1
7,4,109,2,25,0,0,0,0,0,1,.428571428571429,8,0,1
7,5,110,1,33,1,0,0,0,0,0,.571428571428571,8,1,0
7,5,110,1,33,0,1,0,0,0,0,.571428571428571,8,1,0
7,5,110,1,34,0,0,1,0,0,0,.571428571428571,8,1,0
7,5,110,2,28,0,0,0,1,0,0,.571428571428571,8,0,1
7,5,110,2,29,0,0,0,0,1,0,.571428571428571,8,0,1
7,5,110,2,30,0,0,0,0,0,1,.571428571428571,8,0,1
7,6,111,1,32,1,0,0,0,0,0,.714285714285714,8,1,0
7,6,111,1,32,0,1,0,0,0,0,.714285714285714,8,1,0
7,6,111,1,30,0,0,1,0,0,0,.714285714285714,8,1,0
7,6,111,2,33,0,0,0,1,0,0,.714285714285714,8,0,1
7,6,111,2,34,0,0,0,0,1,0,.714285714285714,8,0,1
7,6,111,2,35,0,0,0,0,0,1,.714285714285714,8,0,1
7,7,112,1,32,1,0,0,0,0,0,.857142857142857,8,1,0
7,7,112,1,31,0,1,0,0,0,0,.857142857142857,8,1,0
7,7,112,1,29,0,0,1,0,0,0,.857142857142857,8,1,0
7,7,112,2,35,0,0,0,1,0,0,.857142857142857,8,0,1
7,7,112,2,30,0,0,0,0,1,0,.857142857142857,8,0,1
7,7,112,2,37,0,0,0,0,0,1,.857142857142857,8,0,1
7,8,113,1,30,1,0,0,0,0,0,1,8,1,0
7,8,113,1,32,0,1,0,0,0,0,1,8,1,0
7,8,113,1,34,0,0,1,0,0,0,1,8,1,0
7,8,113,2,36,0,0,0,1,0,0,1,8,0,1
7,8,113,2,34,0,0,0,0,1,0,1,8,0,1
7,8,113,2,33,0,0,0,0,0,1,1,8,0,1
8,1,121,1,41,1,0,0,0,0,0,0,6,1,0
8,1,121,1,36,0,1,0,0,0,0,0,6,1,0
8,1,121,1,36,0,0,1,0,0,0,0,6,1,0
8,1,121,2,33,0,0,0,1,0,0,0,6,0,1
8,1,121,2,32,0,0,0,0,1,0,0,6,0,1
8,1,121,2,28,0,0,0,0,0,1,0,6,0,1
8,2,122,1,35,1,0,0,0,0,0,.2,6,1,0
8,2,122,1,35,0,1,0,0,0,0,.2,6,1,0
8,2,122,1,36,0,0,1,0,0,0,.2,6,1,0
8,2,122,2,33,0,0,0,1,0,0,.2,6,0,1
8,2,122,2,32,0,0,0,0,1,0,.2,6,0,1
8,2,122,2,36,0,0,0,0,0,1,.2,6,0,1
8,3,123,1,34,1,0,0,0,0,0,.4,6,1,0
8,3,123,1,34,0,1,0,0,0,0,.4,6,1,0
8,3,123,1,29,0,0,1,0,0,0,.4,6,1,0
8,3,123,2,29,0,0,0,1,0,0,.4,6,0,1
8,3,123,2,27,0,0,0,0,1,0,.4,6,0,1
8,3,123,2,34,0,0,0,0,0,1,.4,6,0,1
8,4,124,1,33,1,0,0,0,0,0,.6,6,1,0
8,4,124,1,32,0,1,0,0,0,0,.6,6,1,0
8,4,124,1,33,0,0,1,0,0,0,.6,6,1,0
8,4,124,2,34,0,0,0,1,0,0,.6,6,0,1
8,4,124,2,28,0,0,0,0,1,0,.6,6,0,1
8,4,124,2,31,0,0,0,0,0,1,.6,6,0,1
8,5,125,1,37,1,0,0,0,0,0,.8,6,1,0
8,5,125,1,35,0,1,0,0,0,0,.8,6,1,0
8,5,125,1,34,0,0,1,0,0,0,.8,6,1,0
8,5,125,2,41,0,0,0,1,0,0,.8,6,0,1
8,5,125,2,38,0,0,0,0,1,0,.8,6,0,1
8,5,125,2,42,0,0,0,0,0,1,.8,6,0,1
8,6,126,1,32,1,0,0,0,0,0,1,6,1,0
8,6,126,1,34,0,1,0,0,0,0,1,6,1,0
8,6,126,1,32,0,0,1,0,0,0,1,6,1,0
8,6,126,2,33,0,0,0,1,0,0,1,6,0,1
8,6,126,2,30,0,0,0,0,1,0,1,6,0,1
8,6,126,2,30,0,0,0,0,0,1,1,6,0,1
9,1,136,1,26,1,0,0,0,0,0,0,8,1,0
9,1,136,1,24,0,1,0,0,0,0,0,8,1,0
9,1,136,1,30,0,0,1,0,0,0,0,8,1,0
9,1,136,2,18,0,0,0,1,0,0,0,8,0,1
9,1,136,2,21,0,0,0,0,1,0,0,8,0,1
9,1,136,2,22,0,0,0,0,0,1,0,8,0,1
9,2,137,1,37,1,0,0,0,0,0,.142857142857143,8,1,0
9,2,137,1,34,0,1,0,0,0,0,.142857142857143,8,1,0
9,2,137,1,40,0,0,1,0,0,0,.142857142857143,8,1,0
9,2,137,2,36,0,0,0,1,0,0,.142857142857143,8,0,1
9,2,137,2,40,0,0,0,0,1,0,.142857142857143,8,0,1
9,2,137,2,35,0,0,0,0,0,1,.142857142857143,8,0,1
9,3,138,1,28,1,0,0,0,0,0,.285714285714286,8,1,0
9,3,138,1,19,0,1,0,0,0,0,.285714285714286,8,1,0
9,3,138,1,24,0,0,1,0,0,0,.285714285714286,8,1,0
9,3,138,2,25,0,0,0,1,0,0,.285714285714286,8,0,1
9,3,138,2,30,0,0,0,0,1,0,.285714285714286,8,0,1
9,3,138,2,29,0,0,0,0,0,1,.285714285714286,8,0,1
9,4,139,1,35,1,0,0,0,0,0,.428571428571429,8,1,0
9,4,139,1,34,0,1,0,0,0,0,.428571428571429,8,1,0
9,4,139,1,37,0,0,1,0,0,0,.428571428571429,8,1,0
9,4,139,2,28,0,0,0,1,0,0,.428571428571429,8,0,1
9,4,139,2,32,0,0,0,0,1,0,.428571428571429,8,0,1
9,4,139,2,31,0,0,0,0,0,1,.428571428571429,8,0,1
9,5,140,1,30,1,0,0,0,0,0,.571428571428571,8,1,0
9,5,140,1,29,0,1,0,0,0,0,.571428571428571,8,1,0
9,5,140,1,23,0,0,1,0,0,0,.571428571428571,8,1,0
9,5,140,2,31,0,0,0,1,0,0,.571428571428571,8,0,1
9,5,140,2,28,0,0,0,0,1,0,.571428571428571,8,0,1
9,5,140,2,33,0,0,0,0,0,1,.571428571428571,8,0,1
9,6,141,1,38,1,0,0,0,0,0,.714285714285714,8,1,0
9,6,141,1,36,0,1,0,0,0,0,.714285714285714,8,1,0
9,6,141,1,39,0,0,1,0,0,0,.714285714285714,8,1,0
9,6,141,2,29,0,0,0,1,0,0,.714285714285714,8,0,1
9,6,141,2,34,0,0,0,0,1,0,.714285714285714,8,0,1
9,6,141,2,33,0,0,0,0,0,1,.714285714285714,8,0,1
9,7,142,1,32,1,0,0,0,0,0,.857142857142857,8,1,0
9,7,142,1,34,0,1,0,0,0,0,.857142857142857,8,1,0
9,7,142,1,23,0,0,1,0,0,0,.857142857142857,8,1,0
9,7,142,2,29,0,0,0,1,0,0,.857142857142857,8,0,1
9,7,142,2,33,0,0,0,0,1,0,.857142857142857,8,0,1
9,7,142,2,33,0,0,0,0,0,1,.857142857142857,8,0,1
9,8,143,1,33,1,0,0,0,0,0,1,8,1,0
9,8,143,1,28,0,1,0,0,0,0,1,8,1,0
9,8,143,1,32,0,0,1,0,0,0,1,8,1,0
9,8,143,2,31,0,0,0,1,0,0,1,8,0,1
9,8,143,2,29,0,0,0,0,1,0,1,8,0,1
9,8,143,2,28,0,0,0,0,0,1,1,8,0,1
10,1,151,1,43,1,0,0,0,0,0,0,5,1,0
10,1,151,1,42,0,1,0,0,0,0,0,5,1,0
10,1,151,1,43,0,0,1,0,0,0,0,5,1,0
10,1,151,2,37,0,0,0,1,0,0,0,5,0,1
10,1,151,2,38,0,0,0,0,1,0,0,5,0,1
10,1,151,2,42,0,0,0,0,0,1,0,5,0,1
10,2,152,1,37,1,0,0,0,0,0,.25,5,1,0
10,2,152,1,39,0,1,0,0,0,0,.25,5,1,0
10,2,152,1,38,0,0,1,0,0,0,.25,5,1,0
10,2,152,2,41,0,0,0,1,0,0,.25,5,0,1
10,2,152,2,46,0,0,0,0,1,0,.25,5,0,1
10,2,152,2,39,0,0,0,0,0,1,.25,5,0,1
10,3,153,1,27,1,0,0,0,0,0,.5,5,1,0
10,3,153,1,39,0,1,0,0,0,0,.5,5,1,0
10,3,153,1,36,0,0,1,0,0,0,.5,5,1,0
10,3,153,2,38,0,0,0,1,0,0,.5,5,0,1
10,3,153,2,37,0,0,0,0,1,0,.5,5,0,1
10,3,153,2,34,0,0,0,0,0,1,.5,5,0,1
10,4,154,1,30,1,0,0,0,0,0,.75,5,1,0
10,4,154,1,28,0,1,0,0,0,0,.75,5,1,0
10,4,154,1,34,0,0,1,0,0,0,.75,5,1,0
10,4,154,2,31,0,0,0,1,0,0,.75,5,0,1
10,4,154,2,38,0,0,0,0,1,0,.75,5,0,1
10,4,154,2,36,0,0,0,0,0,1,.75,5,0,1
10,5,155,1,35,1,0,0,0,0,0,1,5,1,0
10,5,155,1,41,0,1,0,0,0,0,1,5,1,0
10,5,155,1,38,0,0,1,0,0,0,1,5,1,0
10,5,155,2,34,0,0,0,1,0,0,1,5,0,1
10,5,155,2,38,0,0,0,0,1,0,1,5,0,1
10,5,155,2,40,0,0,0,0,0,1,1,5,0,1
11,1,166,1,36,1,0,0,0,0,0,0,5,1,0
11,1,166,1,34,0,1,0,0,0,0,0,5,1,0
11,1,166,1,35,0,0,1,0,0,0,0,5,1,0
11,1,166,2,28,0,0,0,1,0,0,0,5,0,1
11,1,166,2,28,0,0,0,0,1,0,0,5,0,1
11,1,166,2,30,0,0,0,0,0,1,0,5,0,1
11,2,167,1,40,1,0,0,0,0,0,.25,5,1,0
11,2,167,1,41,0,1,0,0,0,0,.25,5,1,0
11,2,167,1,46,0,0,1,0,0,0,.25,5,1,0
11,2,167,2,42,0,0,0,1,0,0,.25,5,0,1
11,2,167,2,35,0,0,0,0,1,0,.25,5,0,1
11,2,167,2,41,0,0,0,0,0,1,.25,5,0,1
11,3,168,1,27,1,0,0,0,0,0,.5,5,1,0
11,3,168,1,34,0,1,0,0,0,0,.5,5,1,0
11,3,168,1,29,0,0,1,0,0,0,.5,5,1,0
11,3,168,2,31,0,0,0,1,0,0,.5,5,0,1
11,3,168,2,29,0,0,0,0,1,0,.5,5,0,1
11,3,168,2,31,0,0,0,0,0,1,.5,5,0,1
11,4,169,1,33,1,0,0,0,0,0,.75,5,1,0
11,4,169,1,29,0,1,0,0,0,0,.75,5,1,0
11,4,169,1,30,0,0,1,0,0,0,.75,5,1,0
11,4,169,2,30,0,0,0,1,0,0,.75,5,0,1
11,4,169,2,31,0,0,0,0,1,0,.75,5,0,1
11,4,169,2,32,0,0,0,0,0,1,.75,5,0,1
11,5,170,1,32,1,0,0,0,0,0,1,5,1,0
11,5,170,1,35,0,1,0,0,0,0,1,5,1,0
11,5,170,1,34,0,0,1,0,0,0,1,5,1,0
11,5,170,2,33,0,0,0,1,0,0,1,5,0,1
11,5,170,2,33,0,0,0,0,1,0,1,5,0,1
11,5,170,2,39,0,0,0,0,0,1,1,5,0,1
12,1,181,1,34,1,0,0,0,0,0,0,9,1,0
12,1,181,1,27,0,1,0,0,0,0,0,9,1,0
12,1,181,1,28,0,0,1,0,0,0,0,9,1,0
12,1,181,2,28,0,0,0,1,0,0,0,9,0,1
12,1,181,2,26,0,0,0,0,1,0,0,9,0,1
12,1,181,2,28,0,0,0,0,0,1,0,9,0,1
12,2,182,1,27,1,0,0,0,0,0,.125,9,1,0
12,2,182,1,23,0,1,0,0,0,0,.125,9,1,0
12,2,182,1,24,0,0,1,0,0,0,.125,9,1,0
12,2,182,2,23,0,0,0,1,0,0,.125,9,0,1
12,2,182,2,17,0,0,0,0,1,0,.125,9,0,1
12,2,182,2,18,0,0,0,0,0,1,.125,9,0,1
12,3,183,1,28,1,0,0,0,0,0,.25,9,1,0
12,3,183,1,23,0,1,0,0,0,0,.25,9,1,0
12,3,183,1,22,0,0,1,0,0,0,.25,9,1,0
12,3,183,2,32,0,0,0,1,0,0,.25,9,0,1
12,3,183,2,28,0,0,0,0,1,0,.25,9,0,1
12,3,183,2,28,0,0,0,0,0,1,.25,9,0,1
12,4,184,1,32,1,0,0,0,0,0,.375,9,1,0
12,4,184,1,31,0,1,0,0,0,0,.375,9,1,0
12,4,184,1,34,0,0,1,0,0,0,.375,9,1,0
12,4,184,2,24,0,0,0,1,0,0,.375,9,0,1
12,4,184,2,24,0,0,0,0,1,0,.375,9,0,1
12,4,184,2,29,0,0,0,0,0,1,.375,9,0,1
12,5,185,1,30,1,0,0,0,0,0,.5,9,1,0
12,5,185,1,25,0,1,0,0,0,0,.5,9,1,0
12,5,185,1,25,0,0,1,0,0,0,.5,9,1,0
12,5,185,2,29,0,0,0,1,0,0,.5,9,0,1
12,5,185,2,25,0,0,0,0,1,0,.5,9,0,1
12,5,185,2,26,0,0,0,0,0,1,.5,9,0,1
12,6,186,1,31,1,0,0,0,0,0,.625,9,1,0
12,6,186,1,29,0,1,0,0,0,0,.625,9,1,0
12,6,186,1,27,0,0,1,0,0,0,.625,9,1,0
12,6,186,2,23,0,0,0,1,0,0,.625,9,0,1
12,6,186,2,26,0,0,0,0,1,0,.625,9,0,1
12,6,186,2,19,0,0,0,0,0,1,.625,9,0,1
12,7,187,1,26,1,0,0,0,0,0,.75,9,1,0
12,7,187,1,25,0,1,0,0,0,0,.75,9,1,0
12,7,187,1,34,0,0,1,0,0,0,.75,9,1,0
12,7,187,2,24,0,0,0,1,0,0,.75,9,0,1
12,7,187,2,26,0,0,0,0,1,0,.75,9,0,1
12,7,187,2,26,0,0,0,0,0,1,.75,9,0,1
12,8,188,1,30,1,0,0,0,0,0,.875,9,1,0
12,8,188,1,28,0,1,0,0,0,0,.875,9,1,0
12,8,188,1,25,0,0,1,0,0,0,.875,9,1,0
12,8,188,2,32,0,0,0,1,0,0,.875,9,0,1
12,8,188,2,32,0,0,0,0,1,0,.875,9,0,1
12,8,188,2,30,0,0,0,0,0,1,.875,9,0,1
12,9,189,1,32,1,0,0,0,0,0,1,9,1,0
12,9,189,1,34,0,1,0,0,0,0,1,9,1,0
12,9,189,1,29,0,0,1,0,0,0,1,9,1,0
12,9,189,2,24,0,0,0,1,0,0,1,9,0,1
12,9,189,2,24,0,0,0,0,1,0,1,9,0,1
12,9,189,2,25,0,0,0,0,0,1,1,9,0,1
13,1,196,1,19,1,0,0,0,0,0,0,5,1,0
13,1,196,1,19,0,1,0,0,0,0,0,5,1,0
13,1,196,1,20,0,0,1,0,0,0,0,5,1,0
13,1,196,2,28,0,0,0,1,0,0,0,5,0,1
13,1,196,2,27,0,0,0,0,1,0,0,5,0,1
13,1,196,2,20,0,0,0,0,0,1,0,5,0,1
13,2,197,1,22,1,0,0,0,0,0,.25,5,1,0
13,2,197,1,26,0,1,0,0,0,0,.25,5,1,0
13,2,197,1,31,0,0,1,0,0,0,.25,5,1,0
13,2,197,2,37,0,0,0,1,0,0,.25,5,0,1
13,2,197,2,33,0,0,0,0,1,0,.25,5,0,1
13,2,197,2,30,0,0,0,0,0,1,.25,5,0,1
13,3,198,1,22,1,0,0,0,0,0,.5,5,1,0
13,3,198,1,19,0,1,0,0,0,0,.5,5,1,0
13,3,198,1,25,0,0,1,0,0,0,.5,5,1,0
13,3,198,2,20,0,0,0,1,0,0,.5,5,0,1
13,3,198,2,15,0,0,0,0,1,0,.5,5,0,1
13,3,198,2,16,0,0,0,0,0,1,.5,5,0,1
13,4,199,1,27,1,0,0,0,0,0,.75,5,1,0
13,4,199,1,21,0,1,0,0,0,0,.75,5,1,0
13,4,199,1,29,0,0,1,0,0,0,.75,5,1,0
13,4,199,2,29,0,0,0,1,0,0,.75,5,0,1
13,4,199,2,19,0,0,0,0,1,0,.75,5,0,1
13,4,199,2,23,0,0,0,0,0,1,.75,5,0,1
13,5,200,1,27,1,0,0,0,0,0,1,5,1,0
13,5,200,1,29,0,1,0,0,0,0,1,5,1,0
13,5,200,1,30,0,0,1,0,0,0,1,5,1,0
13,5,200,2,24,0,0,0,1,0,0,1,5,0,1
13,5,200,2,26,0,0,0,0,1,0,1,5,0,1
13,5,200,2,19,0,0,0,0,0,1,1,5,0,1
14,1,211,1,35,1,0,0,0,0,0,0,5,1,0
14,1,211,1,37,0,1,0,0,0,0,0,5,1,0
14,1,211,1,32,0,0,1,0,0,0,0,5,1,0
14,1,211,2,27,0,0,0,1,0,0,0,5,0,1
14,1,211,2,34,0,0,0,0,1,0,0,5,0,1
14,1,211,2,26,0,0,0,0,0,1,0,5,0,1
14,2,212,1,29,1,0,0,0,0,0,.25,5,1,0
14,2,212,1,30,0,1,0,0,0,0,.25,5,1,0
14,2,212,1,25,0,0,1,0,0,0,.25,5,1,0
14,2,212,2,38,0,0,0,1,0,0,.25,5,0,1
14,2,212,2,37,0,0,0,0,1,0,.25,5,0,1
14,2,212,2,31,0,0,0,0,0,1,.25,5,0,1
14,3,213,1,30,1,0,0,0,0,0,.5,5,1,0
14,3,213,1,27,0,1,0,0,0,0,.5,5,1,0
14,3,213,1,21,0,0,1,0,0,0,.5,5,1,0
14,3,213,2,31,0,0,0,1,0,0,.5,5,0,1
14,3,213,2,32,0,0,0,0,1,0,.5,5,0,1
14,3,213,2,26,0,0,0,0,0,1,.5,5,0,1
14,4,214,1,33,1,0,0,0,0,0,.75,5,1,0
14,4,214,1,34,0,1,0,0,0,0,.75,5,1,0
14,4,214,1,31,0,0,1,0,0,0,.75,5,1,0
14,4,214,2,33,0,0,0,1,0,0,.75,5,0,1
14,4,214,2,39,0,0,0,0,1,0,.75,5,0,1
14,4,214,2,32,0,0,0,0,0,1,.75,5,0,1
14,5,215,1,24,1,0,0,0,0,0,1,5,1,0
14,5,215,1,26,0,1,0,0,0,0,1,5,1,0
14,5,215,1,25,0,0,1,0,0,0,1,5,1,0
14,5,215,2,30,0,0,0,1,0,0,1,5,0,1
14,5,215,2,30,0,0,0,0,1,0,1,5,0,1
14,5,215,2,24,0,0,0,0,0,1,1,5,0,1
15,1,226,1,27,1,0,0,0,0,0,0,6,1,0
15,1,226,1,29,0,1,0,0,0,0,0,6,1,0
15,1,226,1,31,0,0,1,0,0,0,0,6,1,0
15,1,226,2,31,0,0,0,1,0,0,0,6,0,1
15,1,226,2,27,0,0,0,0,1,0,0,6,0,1
15,1,226,2,29,0,0,0,0,0,1,0,6,0,1
15,2,227,1,24,1,0,0,0,0,0,.2,6,1,0
15,2,227,1,22,0,1,0,0,0,0,.2,6,1,0
15,2,227,1,27,0,0,1,0,0,0,.2,6,1,0
15,2,227,2,30,0,0,0,1,0,0,.2,6,0,1
15,2,227,2,21,0,0,0,0,1,0,.2,6,0,1
15,2,227,2,24,0,0,0,0,0,1,.2,6,0,1
15,3,228,1,23,1,0,0,0,0,0,.4,6,1,0
15,3,228,1,24,0,1,0,0,0,0,.4,6,1,0
15,3,228,1,29,0,0,1,0,0,0,.4,6,1,0
15,3,228,2,30,0,0,0,1,0,0,.4,6,0,1
15,3,228,2,25,0,0,0,0,1,0,.4,6,0,1
15,3,228,2,28,0,0,0,0,0,1,.4,6,0,1
15,4,229,1,19,1,0,0,0,0,0,.6,6,1,0
15,4,229,1,25,0,1,0,0,0,0,.6,6,1,0
15,4,229,1,23,0,0,1,0,0,0,.6,6,1,0
15,4,229,2,31,0,0,0,1,0,0,.6,6,0,1
15,4,229,2,22,0,0,0,0,1,0,.6,6,0,1
15,4,229,2,28,0,0,0,0,0,1,.6,6,0,1
15,5,230,1,20,1,0,0,0,0,0,.8,6,1,0
15,5,230,1,27,0,1,0,0,0,0,.8,6,1,0
15,5,230,1,27,0,0,1,0,0,0,.8,6,1,0
15,5,230,2,27,0,0,0,1,0,0,.8,6,0,1
15,5,230,2,21,0,0,0,0,1,0,.8,6,0,1
15,5,230,2,22,0,0,0,0,0,1,.8,6,0,1
15,6,231,1,32,1,0,0,0,0,0,1,6,1,0
15,6,231,1,26,0,1,0,0,0,0,1,6,1,0
15,6,231,1,29,0,0,1,0,0,0,1,6,1,0
15,6,231,2,33,0,0,0,1,0,0,1,6,0,1
15,6,231,2,28,0,0,0,0,1,0,1,6,0,1
15,6,231,2,26,0,0,0,0,0,1,1,6,0,1
16,1,241,1,29,1,0,0,0,0,0,0,5,1,0
16,1,241,1,24,0,1,0,0,0,0,0,5,1,0
16,1,241,1,32,0,0,1,0,0,0,0,5,1,0
16,1,241,2,35,0,0,0,1,0,0,0,5,0,1
16,1,241,2,34,0,0,0,0,1,0,0,5,0,1
16,1,241,2,36,0,0,0,0,0,1,0,5,0,1
16,2,242,1,30,1,0,0,0,0,0,.25,5,1,0
16,2,242,1,27,0,1,0,0,0,0,.25,5,1,0
16,2,242,1,32,0,0,1,0,0,0,.25,5,1,0
16,2,242,2,34,0,0,0,1,0,0,.25,5,0,1
16,2,242,2,32,0,0,0,0,1,0,.25,5,0,1
16,2,242,2,34,0,0,0,0,0,1,.25,5,0,1
16,3,243,1,33,1,0,0,0,0,0,.5,5,1,0
16,3,243,1,26,0,1,0,0,0,0,.5,5,1,0
16,3,243,1,36,0,0,1,0,0,0,.5,5,1,0
16,3,243,2,32,0,0,0,1,0,0,.5,5,0,1
16,3,243,2,38,0,0,0,0,1,0,.5,5,0,1
16,3,243,2,38,0,0,0,0,0,1,.5,5,0,1
16,4,244,1,30,1,0,0,0,0,0,.75,5,1,0
16,4,244,1,31,0,1,0,0,0,0,.75,5,1,0
16,4,244,1,33,0,0,1,0,0,0,.75,5,1,0
16,4,244,2,34,0,0,0,1,0,0,.75,5,0,1
16,4,244,2,35,0,0,0,0,1,0,.75,5,0,1
16,4,244,2,36,0,0,0,0,0,1,.75,5,0,1
16,5,245,1,31,1,0,0,0,0,0,1,5,1,0
16,5,245,1,30,0,1,0,0,0,0,1,5,1,0
16,5,245,1,32,0,0,1,0,0,0,1,5,1,0
16,5,245,2,34,0,0,0,1,0,0,1,5,0,1
16,5,245,2,32,0,0,0,0,1,0,1,5,0,1
16,5,245,2,33,0,0,0,0,0,1,1,5,0,1
17,1,256,1,27,1,0,0,0,0,0,0,7,1,0
17,1,256,1,21,0,1,0,0,0,0,0,7,1,0
17,1,256,1,20,0,0,1,0,0,0,0,7,1,0
17,1,256,2,26,0,0,0,1,0,0,0,7,0,1
17,1,256,2,28,0,0,0,0,1,0,0,7,0,1
17,1,256,2,26,0,0,0,0,0,1,0,7,0,1
17,2,257,1,29,1,0,0,0,0,0,.166666666666667,7,1,0
17,2,257,1,28,0,1,0,0,0,0,.166666666666667,7,1,0
17,2,257,1,30,0,0,1,0,0,0,.166666666666667,7,1,0
17,2,257,2,26,0,0,0,1,0,0,.166666666666667,7,0,1
17,2,257,2,27,0,0,0,0,1,0,.166666666666667,7,0,1
17,2,257,2,26,0,0,0,0,0,1,.166666666666667,7,0,1
17,3,258,1,28,1,0,0,0,0,0,.333333333333333,7,1,0
17,3,258,1,27,0,1,0,0,0,0,.333333333333333,7,1,0
17,3,258,1,26,0,0,1,0,0,0,.333333333333333,7,1,0
17,3,258,2,28,0,0,0,1,0,0,.333333333333333,7,0,1
17,3,258,2,24,0,0,0,0,1,0,.333333333333333,7,0,1
17,3,258,2,28,0,0,0,0,0,1,.333333333333333,7,0,1
17,4,259,1,23,1,0,0,0,0,0,.5,7,1,0
17,4,259,1,22,0,1,0,0,0,0,.5,7,1,0
17,4,259,1,22,0,0,1,0,0,0,.5,7,1,0
17,4,259,2,33,0,0,0,1,0,0,.5,7,0,1
17,4,259,2,30,0,0,0,0,1,0,.5,7,0,1
17,4,259,2,26,0,0,0,0,0,1,.5,7,0,1
17,5,260,1,28,1,0,0,0,0,0,.666666666666667,7,1,0
17,5,260,1,25,0,1,0,0,0,0,.666666666666667,7,1,0
17,5,260,1,29,0,0,1,0,0,0,.666666666666667,7,1,0
17,5,260,2,29,0,0,0,1,0,0,.666666666666667,7,0,1
17,5,260,2,26,0,0,0,0,1,0,.666666666666667,7,0,1
17,5,260,2,26,0,0,0,0,0,1,.666666666666667,7,0,1
17,6,261,1,27,1,0,0,0,0,0,.833333333333333,7,1,0
17,6,261,1,28,0,1,0,0,0,0,.833333333333333,7,1,0
17,6,261,1,24,0,0,1,0,0,0,.833333333333333,7,1,0
17,6,261,2,28,0,0,0,1,0,0,.833333333333333,7,0,1
17,6,261,2,28,0,0,0,0,1,0,.833333333333333,7,0,1
17,6,261,2,28,0,0,0,0,0,1,.833333333333333,7,0,1
17,7,262,1,28,1,0,0,0,0,0,1,7,1,0
17,7,262,1,31,0,1,0,0,0,0,1,7,1,0
17,7,262,1,23,0,0,1,0,0,0,1,7,1,0
17,7,262,2,31,0,0,0,1,0,0,1,7,0,1
17,7,262,2,30,0,0,0,0,1,0,1,7,0,1
17,7,262,2,29,0,0,0,0,0,1,1,7,0,1
18,1,271,1,38,1,0,0,0,0,0,0,7,1,0
18,1,271,1,36,0,1,0,0,0,0,0,7,1,0
18,1,271,1,28,0,0,1,0,0,0,0,7,1,0
18,1,271,2,28,0,0,0,1,0,0,0,7,0,1
18,1,271,2,29,0,0,0,0,1,0,0,7,0,1
18,1,271,2,24,0,0,0,0,0,1,0,7,0,1
18,2,272,1,29,1,0,0,0,0,0,.166666666666667,7,1,0
18,2,272,1,28,0,1,0,0,0,0,.166666666666667,7,1,0
18,2,272,1,26,0,0,1,0,0,0,.166666666666667,7,1,0
18,2,272,2,26,0,0,0,1,0,0,.166666666666667,7,0,1
18,2,272,2,26,0,0,0,0,1,0,.166666666666667,7,0,1
18,2,272,2,24,0,0,0,0,0,1,.166666666666667,7,0,1
18,3,273,1,35,1,0,0,0,0,0,.333333333333333,7,1,0
18,3,273,1,31,0,1,0,0,0,0,.333333333333333,7,1,0
18,3,273,1,30,0,0,1,0,0,0,.333333333333333,7,1,0
18,3,273,2,26,0,0,0,1,0,0,.333333333333333,7,0,1
18,3,273,2,26,0,0,0,0,1,0,.333333333333333,7,0,1
18,3,273,2,15,0,0,0,0,0,1,.333333333333333,7,0,1
18,4,274,1,28,1,0,0,0,0,0,.5,7,1,0
18,4,274,1,28,0,1,0,0,0,0,.5,7,1,0
18,4,274,1,28,0,0,1,0,0,0,.5,7,1,0
18,4,274,2,21,0,0,0,1,0,0,.5,7,0,1
18,4,274,2,26,0,0,0,0,1,0,.5,7,0,1
18,4,274,2,23,0,0,0,0,0,1,.5,7,0,1
18,5,275,1,30,1,0,0,0,0,0,.666666666666667,7,1,0
18,5,275,1,32,0,1,0,0,0,0,.666666666666667,7,1,0
18,5,275,1,29,0,0,1,0,0,0,.666666666666667,7,1,0
18,5,275,2,17,0,0,0,1,0,0,.666666666666667,7,0,1
18,5,275,2,26,0,0,0,0,1,0,.666666666666667,7,0,1
18,5,275,2,23,0,0,0,0,0,1,.666666666666667,7,0,1
18,6,276,1,27,1,0,0,0,0,0,.833333333333333,7,1,0
18,6,276,1,29,0,1,0,0,0,0,.833333333333333,7,1,0
18,6,276,1,28,0,0,1,0,0,0,.833333333333333,7,1,0
18,6,276,2,25,0,0,0,1,0,0,.833333333333333,7,0,1
18,6,276,2,31,0,0,0,0,1,0,.833333333333333,7,0,1
18,6,276,2,28,0,0,0,0,0,1,.833333333333333,7,0,1
18,7,277,1,30,1,0,0,0,0,0,1,7,1,0
18,7,277,1,21,0,1,0,0,0,0,1,7,1,0
18,7,277,1,29,0,0,1,0,0,0,1,7,1,0
18,7,277,2,24,0,0,0,1,0,0,1,7,0,1
18,7,277,2,27,0,0,0,0,1,0,1,7,0,1
18,7,277,2,25,0,0,0,0,0,1,1,7,0,1
19,1,286,1,31,1,0,0,0,0,0,0,7,1,0
19,1,286,1,26,0,1,0,0,0,0,0,7,1,0
19,1,286,1,35,0,0,1,0,0,0,0,7,1,0
19,1,286,2,35,0,0,0,1,0,0,0,7,0,1
19,1,286,2,31,0,0,0,0,1,0,0,7,0,1
19,1,286,2,34,0,0,0,0,0,1,0,7,0,1
19,2,287,1,33,1,0,0,0,0,0,.166666666666667,7,1,0
19,2,287,1,31,0,1,0,0,0,0,.166666666666667,7,1,0
19,2,287,1,36,0,0,1,0,0,0,.166666666666667,7,1,0
19,2,287,2,42,0,0,0,1,0,0,.166666666666667,7,0,1
19,2,287,2,37,0,0,0,0,1,0,.166666666666667,7,0,1
19,2,287,2,36,0,0,0,0,0,1,.166666666666667,7,0,1
19,3,288,1,40,1,0,0,0,0,0,.333333333333333,7,1,0
19,3,288,1,35,0,1,0,0,0,0,.333333333333333,7,1,0
19,3,288,1,33,0,0,1,0,0,0,.333333333333333,7,1,0
19,3,288,2,40,0,0,0,1,0,0,.333333333333333,7,0,1
19,3,288,2,39,0,0,0,0,1,0,.333333333333333,7,0,1
19,3,288,2,38,0,0,0,0,0,1,.333333333333333,7,0,1
19,4,289,1,35,1,0,0,0,0,0,.5,7,1,0
19,4,289,1,33,0,1,0,0,0,0,.5,7,1,0
19,4,289,1,39,0,0,1,0,0,0,.5,7,1,0
19,4,289,2,39,0,0,0,1,0,0,.5,7,0,1
19,4,289,2,38,0,0,0,0,1,0,.5,7,0,1
19,4,289,2,33,0,0,0,0,0,1,.5,7,0,1
19,5,290,1,30,1,0,0,0,0,0,.666666666666667,7,1,0
19,5,290,1,30,0,1,0,0,0,0,.666666666666667,7,1,0
19,5,290,1,32,0,0,1,0,0,0,.666666666666667,7,1,0
19,5,290,2,30,0,0,0,1,0,0,.666666666666667,7,0,1
19,5,290,2,31,0,0,0,0,1,0,.666666666666667,7,0,1
19,5,290,2,34,0,0,0,0,0,1,.666666666666667,7,0,1
19,6,291,1,35,1,0,0,0,0,0,.833333333333333,7,1,0
19,6,291,1,29,0,1,0,0,0,0,.833333333333333,7,1,0
19,6,291,1,37,0,0,1,0,0,0,.833333333333333,7,1,0
19,6,291,2,31,0,0,0,1,0,0,.833333333333333,7,0,1
19,6,291,2,29,0,0,0,0,1,0,.833333333333333,7,0,1
19,6,291,2,29,0,0,0,0,0,1,.833333333333333,7,0,1
19,7,292,1,36,1,0,0,0,0,0,1,7,1,0
19,7,292,1,32,0,1,0,0,0,0,1,7,1,0
19,7,292,1,33,0,0,1,0,0,0,1,7,1,0
19,7,292,2,30,0,0,0,1,0,0,1,7,0,1
19,7,292,2,33,0,0,0,0,1,0,1,7,0,1
19,7,292,2,27,0,0,0,0,0,1,1,7,0,1
20,1,301,1,25,1,0,0,0,0,0,0,6,1,0
20,1,301,1,27,0,1,0,0,0,0,0,6,1,0
20,1,301,1,29,0,0,1,0,0,0,0,6,1,0
20,1,301,2,33,0,0,0,1,0,0,0,6,0,1
20,1,301,2,32,0,0,0,0,1,0,0,6,0,1
20,1,301,2,32,0,0,0,0,0,1,0,6,0,1
20,2,302,1,24,1,0,0,0,0,0,.2,6,1,0
20,2,302,1,22,0,1,0,0,0,0,.2,6,1,0
20,2,302,1,22,0,0,1,0,0,0,.2,6,1,0
20,2,302,2,29,0,0,0,1,0,0,.2,6,0,1
20,2,302,2,29,0,0,0,0,1,0,.2,6,0,1
20,2,302,2,28,0,0,0,0,0,1,.2,6,0,1
20,3,303,1,17,1,0,0,0,0,0,.4,6,1,0
20,3,303,1,28,0,1,0,0,0,0,.4,6,1,0
20,3,303,1,25,0,0,1,0,0,0,.4,6,1,0
20,3,303,2,32,0,0,0,1,0,0,.4,6,0,1
20,3,303,2,31,0,0,0,0,1,0,.4,6,0,1
20,3,303,2,24,0,0,0,0,0,1,.4,6,0,1
20,4,304,1,30,1,0,0,0,0,0,.6,6,1,0
20,4,304,1,28,0,1,0,0,0,0,.6,6,1,0
20,4,304,1,26,0,0,1,0,0,0,.6,6,1,0
20,4,304,2,29,0,0,0,1,0,0,.6,6,0,1
20,4,304,2,23,0,0,0,0,1,0,.6,6,0,1
20,4,304,2,21,0,0,0,0,0,1,.6,6,0,1
20,5,305,1,24,1,0,0,0,0,0,.8,6,1,0
20,5,305,1,25,0,1,0,0,0,0,.8,6,1,0
20,5,305,1,26,0,0,1,0,0,0,.8,6,1,0
20,5,305,2,28,0,0,0,1,0,0,.8,6,0,1
20,5,305,2,25,0,0,0,0,1,0,.8,6,0,1
20,5,305,2,25,0,0,0,0,0,1,.8,6,0,1
20,6,306,1,28,1,0,0,0,0,0,1,6,1,0
20,6,306,1,29,0,1,0,0,0,0,1,6,1,0
20,6,306,1,30,0,0,1,0,0,0,1,6,1,0
20,6,306,2,26,0,0,0,1,0,0,1,6,0,1
20,6,306,2,27,0,0,0,0,1,0,1,6,0,1
20,6,306,2,28,0,0,0,0,0,1,1,6,0,1
21,1,316,1,30,1,0,0,0,0,0,0,7,1,0
21,1,316,1,31,0,1,0,0,0,0,0,7,1,0
21,1,316,1,28,0,0,1,0,0,0,0,7,1,0
21,1,316,2,28,0,0,0,1,0,0,0,7,0,1
21,1,316,2,29,0,0,0,0,1,0,0,7,0,1
21,1,316,2,30,0,0,0,0,0,1,0,7,0,1
21,2,317,1,32,1,0,0,0,0,0,.166666666666667,7,1,0
21,2,317,1,37,0,1,0,0,0,0,.166666666666667,7,1,0
21,2,317,1,28,0,0,1,0,0,0,.166666666666667,7,1,0
21,2,317,2,28,0,0,0,1,0,0,.166666666666667,7,0,1
21,2,317,2,33,0,0,0,0,1,0,.166666666666667,7,0,1
21,2,317,2,33,0,0,0,0,0,1,.166666666666667,7,0,1
21,3,318,1,34,1,0,0,0,0,0,.333333333333333,7,1,0
21,3,318,1,35,0,1,0,0,0,0,.333333333333333,7,1,0
21,3,318,1,32,0,0,1,0,0,0,.333333333333333,7,1,0
21,3,318,2,32,0,0,0,1,0,0,.333333333333333,7,0,1
21,3,318,2,29,0,0,0,0,1,0,.333333333333333,7,0,1
21,3,318,2,24,0,0,0,0,0,1,.333333333333333,7,0,1
21,4,319,1,27,1,0,0,0,0,0,.5,7,1,0
21,4,319,1,31,0,1,0,0,0,0,.5,7,1,0
21,4,319,1,31,0,0,1,0,0,0,.5,7,1,0
21,4,319,2,28,0,0,0,1,0,0,.5,7,0,1
21,4,319,2,26,0,0,0,0,1,0,.5,7,0,1
21,4,319,2,22,0,0,0,0,0,1,.5,7,0,1
21,5,320,1,37,1,0,0,0,0,0,.666666666666667,7,1,0
21,5,320,1,38,0,1,0,0,0,0,.666666666666667,7,1,0
21,5,320,1,32,0,0,1,0,0,0,.666666666666667,7,1,0
21,5,320,2,25,0,0,0,1,0,0,.666666666666667,7,0,1
21,5,320,2,30,0,0,0,0,1,0,.666666666666667,7,0,1
21,5,320,2,30,0,0,0,0,0,1,.666666666666667,7,0,1
21,6,321,1,25,1,0,0,0,0,0,.833333333333333,7,1,0
21,6,321,1,25,0,1,0,0,0,0,.833333333333333,7,1,0
21,6,321,1,30,0,0,1,0,0,0,.833333333333333,7,1,0
21,6,321,2,32,0,0,0,1,0,0,.833333333333333,7,0,1
21,6,321,2,28,0,0,0,0,1,0,.833333333333333,7,0,1
21,6,321,2,38,0,0,0,0,0,1,.833333333333333,7,0,1
21,7,322,1,28,1,0,0,0,0,0,1,7,1,0
21,7,322,1,25,0,1,0,0,0,0,1,7,1,0
21,7,322,1,24,0,0,1,0,0,0,1,7,1,0
21,7,322,2,31,0,0,0,1,0,0,1,7,0,1
21,7,322,2,27,0,0,0,0,1,0,1,7,0,1
21,7,322,2,36,0,0,0,0,0,1,1,7,0,1
22,1,331,1,27,1,0,0,0,0,0,0,7,1,0
22,1,331,1,32,0,1,0,0,0,0,0,7,1,0
22,1,331,1,26,0,0,1,0,0,0,0,7,1,0
22,1,331,2,24,0,0,0,1,0,0,0,7,0,1
22,1,331,2,29,0,0,0,0,1,0,0,7,0,1
22,1,331,2,33,0,0,0,0,0,1,0,7,0,1
22,2,332,1,32,1,0,0,0,0,0,.166666666666667,7,1,0
22,2,332,1,33,0,1,0,0,0,0,.166666666666667,7,1,0
22,2,332,1,29,0,0,1,0,0,0,.166666666666667,7,1,0
22,2,332,2,28,0,0,0,1,0,0,.166666666666667,7,0,1
22,2,332,2,29,0,0,0,0,1,0,.166666666666667,7,0,1
22,2,332,2,30,0,0,0,0,0,1,.166666666666667,7,0,1
22,3,333,1,32,1,0,0,0,0,0,.333333333333333,7,1,0
22,3,333,1,30,0,1,0,0,0,0,.333333333333333,7,1,0
22,3,333,1,24,0,0,1,0,0,0,.333333333333333,7,1,0
22,3,333,2,32,0,0,0,1,0,0,.333333333333333,7,0,1
22,3,333,2,32,0,0,0,0,1,0,.333333333333333,7,0,1
22,3,333,2,27,0,0,0,0,0,1,.333333333333333,7,0,1
22,4,334,1,34,1,0,0,0,0,0,.5,7,1,0
22,4,334,1,29,0,1,0,0,0,0,.5,7,1,0
22,4,334,1,29,0,0,1,0,0,0,.5,7,1,0
22,4,334,2,30,0,0,0,1,0,0,.5,7,0,1
22,4,334,2,35,0,0,0,0,1,0,.5,7,0,1
22,4,334,2,30,0,0,0,0,0,1,.5,7,0,1
22,5,335,1,36,1,0,0,0,0,0,.666666666666667,7,1,0
22,5,335,1,33,0,1,0,0,0,0,.666666666666667,7,1,0
22,5,335,1,34,0,0,1,0,0,0,.666666666666667,7,1,0
22,5,335,2,40,0,0,0,1,0,0,.666666666666667,7,0,1
22,5,335,2,32,0,0,0,0,1,0,.666666666666667,7,0,1
22,5,335,2,33,0,0,0,0,0,1,.666666666666667,7,0,1
22,6,336,1,30,1,0,0,0,0,0,.833333333333333,7,1,0
22,6,336,1,31,0,1,0,0,0,0,.833333333333333,7,1,0
22,6,336,1,25,0,0,1,0,0,0,.833333333333333,7,1,0
22,6,336,2,23,0,0,0,1,0,0,.833333333333333,7,0,1
22,6,336,2,31,0,0,0,0,1,0,.833333333333333,7,0,1
22,6,336,2,28,0,0,0,0,0,1,.833333333333333,7,0,1
22,7,337,1,33,1,0,0,0,0,0,1,7,1,0
22,7,337,1,33,0,1,0,0,0,0,1,7,1,0
22,7,337,1,29,0,0,1,0,0,0,1,7,1,0
22,7,337,2,25,0,0,0,1,0,0,1,7,0,1
22,7,337,2,29,0,0,0,0,1,0,1,7,0,1
22,7,337,2,29,0,0,0,0,0,1,1,7,0,1
23,1,346,1,33,1,0,0,0,0,0,0,4,1,0
23,1,346,1,31,0,1,0,0,0,0,0,4,1,0
23,1,346,1,29,0,0,1,0,0,0,0,4,1,0
23,1,346,2,22,0,0,0,1,0,0,0,4,0,1
23,1,346,2,26,0,0,0,0,1,0,0,4,0,1
23,1,346,2,22,0,0,0,0,0,1,0,4,0,1
23,2,347,1,35,1,0,0,0,0,0,.333333333333333,4,1,0
23,2,347,1,44,0,1,0,0,0,0,.333333333333333,4,1,0
23,2,347,1,37,0,0,1,0,0,0,.333333333333333,4,1,0
23,2,347,2,21,0,0,0,1,0,0,.333333333333333,4,0,1
23,2,347,2,30,0,0,0,0,1,0,.333333333333333,4,0,1
23,2,347,2,27,0,0,0,0,0,1,.333333333333333,4,0,1
23,3,348,1,25,1,0,0,0,0,0,.666666666666667,4,1,0
23,3,348,1,26,0,1,0,0,0,0,.666666666666667,4,1,0
23,3,348,1,25,0,0,1,0,0,0,.666666666666667,4,1,0
23,3,348,2,27,0,0,0,1,0,0,.666666666666667,4,0,1
23,3,348,2,32,0,0,0,0,1,0,.666666666666667,4,0,1
23,3,348,2,25,0,0,0,0,0,1,.666666666666667,4,0,1
23,4,349,1,29,1,0,0,0,0,0,1,4,1,0
23,4,349,1,31,0,1,0,0,0,0,1,4,1,0
23,4,349,1,30,0,0,1,0,0,0,1,4,1,0
23,4,349,2,26,0,0,0,1,0,0,1,4,0,1
23,4,349,2,31,0,0,0,0,1,0,1,4,0,1
23,4,349,2,26,0,0,0,0,0,1,1,4,0,1
24,1,361,1,32,1,0,0,0,0,0,0,5,1,0
24,1,361,1,31,0,1,0,0,0,0,0,5,1,0
24,1,361,1,30,0,0,1,0,0,0,0,5,1,0
24,1,361,2,33,0,0,0,1,0,0,0,5,0,1
24,1,361,2,31,0,0,0,0,1,0,0,5,0,1
24,1,361,2,30,0,0,0,0,0,1,0,5,0,1
24,2,362,1,23,1,0,0,0,0,0,.25,5,1,0
24,2,362,1,31,0,1,0,0,0,0,.25,5,1,0
24,2,362,1,27,0,0,1,0,0,0,.25,5,1,0
24,2,362,2,26,0,0,0,1,0,0,.25,5,0,1
24,2,362,2,25,0,0,0,0,1,0,.25,5,0,1
24,2,362,2,26,0,0,0,0,0,1,.25,5,0,1
24,3,363,1,27,1,0,0,0,0,0,.5,5,1,0
24,3,363,1,30,0,1,0,0,0,0,.5,5,1,0
24,3,363,1,30,0,0,1,0,0,0,.5,5,1,0
24,3,363,2,27,0,0,0,1,0,0,.5,5,0,1
24,3,363,2,34,0,0,0,0,1,0,.5,5,0,1
24,3,363,2,34,0,0,0,0,0,1,.5,5,0,1
24,4,364,1,24,1,0,0,0,0,0,.75,5,1,0
24,4,364,1,24,0,1,0,0,0,0,.75,5,1,0
24,4,364,1,22,0,0,1,0,0,0,.75,5,1,0
24,4,364,2,19,0,0,0,1,0,0,.75,5,0,1
24,4,364,2,25,0,0,0,0,1,0,.75,5,0,1
24,4,364,2,27,0,0,0,0,0,1,.75,5,0,1
24,5,365,1,21,1,0,0,0,0,0,1,5,1,0
24,5,365,1,26,0,1,0,0,0,0,1,5,1,0
24,5,365,1,26,0,0,1,0,0,0,1,5,1,0
24,5,365,2,27,0,0,0,1,0,0,1,5,0,1
24,5,365,2,33,0,0,0,0,1,0,1,5,0,1
24,5,365,2,27,0,0,0,0,0,1,1,5,0,1
25,1,376,1,35,1,0,0,0,0,0,0,7,1,0
25,1,376,1,33,0,1,0,0,0,0,0,7,1,0
25,1,376,1,32,0,0,1,0,0,0,0,7,1,0
25,1,376,2,32,0,0,0,1,0,0,0,7,0,1
25,1,376,2,28,0,0,0,0,1,0,0,7,0,1
25,1,376,2,33,0,0,0,0,0,1,0,7,0,1
25,2,377,1,29,1,0,0,0,0,0,.166666666666667,7,1,0
25,2,377,1,27,0,1,0,0,0,0,.166666666666667,7,1,0
25,2,377,1,25,0,0,1,0,0,0,.166666666666667,7,1,0
25,2,377,2,24,0,0,0,1,0,0,.166666666666667,7,0,1
25,2,377,2,29,0,0,0,0,1,0,.166666666666667,7,0,1
25,2,377,2,26,0,0,0,0,0,1,.166666666666667,7,0,1
25,3,378,1,33,1,0,0,0,0,0,.333333333333333,7,1,0
25,3,378,1,30,0,1,0,0,0,0,.333333333333333,7,1,0
25,3,378,1,28,0,0,1,0,0,0,.333333333333333,7,1,0
25,3,378,2,33,0,0,0,1,0,0,.333333333333333,7,0,1
25,3,378,2,35,0,0,0,0,1,0,.333333333333333,7,0,1
25,3,378,2,37,0,0,0,0,0,1,.333333333333333,7,0,1
25,4,379,1,33,1,0,0,0,0,0,.5,7,1,0
25,4,379,1,30,0,1,0,0,0,0,.5,7,1,0
25,4,379,1,30,0,0,1,0,0,0,.5,7,1,0
25,4,379,2,30,0,0,0,1,0,0,.5,7,0,1
25,4,379,2,35,0,0,0,0,1,0,.5,7,0,1
25,4,379,2,34,0,0,0,0,0,1,.5,7,0,1
25,5,380,1,26,1,0,0,0,0,0,.666666666666667,7,1,0
25,5,380,1,25,0,1,0,0,0,0,.666666666666667,7,1,0
25,5,380,1,22,0,0,1,0,0,0,.666666666666667,7,1,0
25,5,380,2,22,0,0,0,1,0,0,.666666666666667,7,0,1
25,5,380,2,26,0,0,0,0,1,0,.666666666666667,7,0,1
25,5,380,2,28,0,0,0,0,0,1,.666666666666667,7,0,1
25,6,381,1,36,1,0,0,0,0,0,.833333333333333,7,1,0
25,6,381,1,33,0,1,0,0,0,0,.833333333333333,7,1,0
25,6,381,1,30,0,0,1,0,0,0,.833333333333333,7,1,0
25,6,381,2,23,0,0,0,1,0,0,.833333333333333,7,0,1
25,6,381,2,23,0,0,0,0,1,0,.833333333333333,7,0,1
25,6,381,2,30,0,0,0,0,0,1,.833333333333333,7,0,1
25,7,382,1,28,1,0,0,0,0,0,1,7,1,0
25,7,382,1,26,0,1,0,0,0,0,1,7,1,0
25,7,382,1,25,0,0,1,0,0,0,1,7,1,0
25,7,382,2,29,0,0,0,1,0,0,1,7,0,1
25,7,382,2,22,0,0,0,0,1,0,1,7,0,1
25,7,382,2,30,0,0,0,0,0,1,1,7,0,1
26,1,391,1,34,1,0,0,0,0,0,0,7,1,0
26,1,391,1,36,0,1,0,0,0,0,0,7,1,0
26,1,391,1,32,0,0,1,0,0,0,0,7,1,0
26,1,391,2,34,0,0,0,1,0,0,0,7,0,1
26,1,391,2,37,0,0,0,0,1,0,0,7,0,1
26,1,391,2,32,0,0,0,0,0,1,0,7,0,1
26,2,392,1,33,1,0,0,0,0,0,.166666666666667,7,1,0
26,2,392,1,35,0,1,0,0,0,0,.166666666666667,7,1,0
26,2,392,1,26,0,0,1,0,0,0,.166666666666667,7,1,0
26,2,392,2,37,0,0,0,1,0,0,.166666666666667,7,0,1
26,2,392,2,34,0,0,0,0,1,0,.166666666666667,7,0,1
26,2,392,2,29,0,0,0,0,0,1,.166666666666667,7,0,1
26,3,393,1,31,1,0,0,0,0,0,.333333333333333,7,1,0
26,3,393,1,30,0,1,0,0,0,0,.333333333333333,7,1,0
26,3,393,1,29,0,0,1,0,0,0,.333333333333333,7,1,0
26,3,393,2,44,0,0,0,1,0,0,.333333333333333,7,0,1
26,3,393,2,35,0,0,0,0,1,0,.333333333333333,7,0,1
26,3,393,2,35,0,0,0,0,0,1,.333333333333333,7,0,1
26,4,394,1,34,1,0,0,0,0,0,.5,7,1,0
26,4,394,1,38,0,1,0,0,0,0,.5,7,1,0
26,4,394,1,35,0,0,1,0,0,0,.5,7,1,0
26,4,394,2,38,0,0,0,1,0,0,.5,7,0,1
26,4,394,2,33,0,0,0,0,1,0,.5,7,0,1
26,4,394,2,30,0,0,0,0,0,1,.5,7,0,1
26,5,395,1,33,1,0,0,0,0,0,.666666666666667,7,1,0
26,5,395,1,32,0,1,0,0,0,0,.666666666666667,7,1,0
26,5,395,1,31,0,0,1,0,0,0,.666666666666667,7,1,0
26,5,395,2,40,0,0,0,1,0,0,.666666666666667,7,0,1
26,5,395,2,41,0,0,0,0,1,0,.666666666666667,7,0,1
26,5,395,2,35,0,0,0,0,0,1,.666666666666667,7,0,1
26,6,396,1,30,1,0,0,0,0,0,.833333333333333,7,1,0
26,6,396,1,27,0,1,0,0,0,0,.833333333333333,7,1,0
26,6,396,1,27,0,0,1,0,0,0,.833333333333333,7,1,0
26,6,396,2,36,0,0,0,1,0,0,.833333333333333,7,0,1
26,6,396,2,36,0,0,0,0,1,0,.833333333333333,7,0,1
26,6,396,2,31,0,0,0,0,0,1,.833333333333333,7,0,1
26,7,397,1,39,1,0,0,0,0,0,1,7,1,0
26,7,397,1,36,0,1,0,0,0,0,1,7,1,0
26,7,397,1,29,0,0,1,0,0,0,1,7,1,0
26,7,397,2,32,0,0,0,1,0,0,1,7,0,1
26,7,397,2,35,0,0,0,0,1,0,1,7,0,1
26,7,397,2,32,0,0,0,0,0,1,1,7,0,1
27,1,406,1,30,1,0,0,0,0,0,0,5,1,0
27,1,406,1,36,0,1,0,0,0,0,0,5,1,0
27,1,406,1,32,0,0,1,0,0,0,0,5,1,0
27,1,406,2,29,0,0,0,1,0,0,0,5,0,1
27,1,406,2,27,0,0,0,0,1,0,0,5,0,1
27,1,406,2,29,0,0,0,0,0,1,0,5,0,1
27,2,407,1,30,1,0,0,0,0,0,.25,5,1,0
27,2,407,1,32,0,1,0,0,0,0,.25,5,1,0
27,2,407,1,34,0,0,1,0,0,0,.25,5,1,0
27,2,407,2,33,0,0,0,1,0,0,.25,5,0,1
27,2,407,2,36,0,0,0,0,1,0,.25,5,0,1
27,2,407,2,34,0,0,0,0,0,1,.25,5,0,1
27,3,408,1,25,1,0,0,0,0,0,.5,5,1,0
27,3,408,1,29,0,1,0,0,0,0,.5,5,1,0
27,3,408,1,27,0,0,1,0,0,0,.5,5,1,0
27,3,408,2,32,0,0,0,1,0,0,.5,5,0,1
27,3,408,2,35,0,0,0,0,1,0,.5,5,0,1
27,3,408,2,33,0,0,0,0,0,1,.5,5,0,1
27,4,409,1,32,1,0,0,0,0,0,.75,5,1,0
27,4,409,1,27,0,1,0,0,0,0,.75,5,1,0
27,4,409,1,30,0,0,1,0,0,0,.75,5,1,0
27,4,409,2,30,0,0,0,1,0,0,.75,5,0,1
27,4,409,2,29,0,0,0,0,1,0,.75,5,0,1
27,4,409,2,30,0,0,0,0,0,1,.75,5,0,1
27,5,410,1,32,1,0,0,0,0,0,1,5,1,0
27,5,410,1,33,0,1,0,0,0,0,1,5,1,0
27,5,410,1,31,0,0,1,0,0,0,1,5,1,0
27,5,410,2,33,0,0,0,1,0,0,1,5,0,1
27,5,410,2,36,0,0,0,0,1,0,1,5,0,1
27,5,410,2,34,0,0,0,0,0,1,1,5,0,1
28,1,421,1,25,1,0,0,0,0,0,0,6,1,0
28,1,421,1,30,0,1,0,0,0,0,0,6,1,0
28,1,421,1,28,0,0,1,0,0,0,0,6,1,0
28,1,421,2,32,0,0,0,1,0,0,0,6,0,1
28,1,421,2,30,0,0,0,0,1,0,0,6,0,1
28,1,421,2,31,0,0,0,0,0,1,0,6,0,1
28,2,422,1,30,1,0,0,0,0,0,.2,6,1,0
28,2,422,1,24,0,1,0,0,0,0,.2,6,1,0
28,2,422,1,27,0,0,1,0,0,0,.2,6,1,0
28,2,422,2,42,0,0,0,1,0,0,.2,6,0,1
28,2,422,2,37,0,0,0,0,1,0,.2,6,0,1
28,2,422,2,30,0,0,0,0,0,1,.2,6,0,1
28,3,423,1,29,1,0,0,0,0,0,.4,6,1,0
28,3,423,1,35,0,1,0,0,0,0,.4,6,1,0
28,3,423,1,30,0,0,1,0,0,0,.4,6,1,0
28,3,423,2,31,0,0,0,1,0,0,.4,6,0,1
28,3,423,2,33,0,0,0,0,1,0,.4,6,0,1
28,3,423,2,29,0,0,0,0,0,1,.4,6,0,1
28,4,424,1,27,1,0,0,0,0,0,.6,6,1,0
28,4,424,1,28,0,1,0,0,0,0,.6,6,1,0
28,4,424,1,29,0,0,1,0,0,0,.6,6,1,0
28,4,424,2,31,0,0,0,1,0,0,.6,6,0,1
28,4,424,2,24,0,0,0,0,1,0,.6,6,0,1
28,4,424,2,27,0,0,0,0,0,1,.6,6,0,1
28,5,425,1,30,1,0,0,0,0,0,.8,6,1,0
28,5,425,1,26,0,1,0,0,0,0,.8,6,1,0
28,5,425,1,23,0,0,1,0,0,0,.8,6,1,0
28,5,425,2,31,0,0,0,1,0,0,.8,6,0,1
28,5,425,2,26,0,0,0,0,1,0,.8,6,0,1
28,5,425,2,25,0,0,0,0,0,1,.8,6,0,1
28,6,426,1,28,1,0,0,0,0,0,1,6,1,0
28,6,426,1,25,0,1,0,0,0,0,1,6,1,0
28,6,426,1,29,0,0,1,0,0,0,1,6,1,0
28,6,426,2,32,0,0,0,1,0,0,1,6,0,1
28,6,426,2,28,0,0,0,0,1,0,1,6,0,1
28,6,426,2,29,0,0,0,0,0,1,1,6,0,1
29,1,436,1,30,1,0,0,0,0,0,0,5,1,0
29,1,436,1,35,0,1,0,0,0,0,0,5,1,0
29,1,436,1,32,0,0,1,0,0,0,0,5,1,0
29,1,436,2,26,0,0,0,1,0,0,0,5,0,1
29,1,436,2,23,0,0,0,0,1,0,0,5,0,1
29,1,436,2,26,0,0,0,0,0,1,0,5,0,1
29,2,437,1,26,1,0,0,0,0,0,.25,5,1,0
29,2,437,1,25,0,1,0,0,0,0,.25,5,1,0
29,2,437,1,27,0,0,1,0,0,0,.25,5,1,0
29,2,437,2,25,0,0,0,1,0,0,.25,5,0,1
29,2,437,2,22,0,0,0,0,1,0,.25,5,0,1
29,2,437,2,25,0,0,0,0,0,1,.25,5,0,1
29,3,438,1,18,1,0,0,0,0,0,.5,5,1,0
29,3,438,1,18,0,1,0,0,0,0,.5,5,1,0
29,3,438,1,23,0,0,1,0,0,0,.5,5,1,0
29,3,438,2,23,0,0,0,1,0,0,.5,5,0,1
29,3,438,2,22,0,0,0,0,1,0,.5,5,0,1
29,3,438,2,19,0,0,0,0,0,1,.5,5,0,1
29,4,439,1,26,1,0,0,0,0,0,.75,5,1,0
29,4,439,1,27,0,1,0,0,0,0,.75,5,1,0
29,4,439,1,25,0,0,1,0,0,0,.75,5,1,0
29,4,439,2,24,0,0,0,1,0,0,.75,5,0,1
29,4,439,2,23,0,0,0,0,1,0,.75,5,0,1
29,4,439,2,24,0,0,0,0,0,1,.75,5,0,1
29,5,440,1,24,1,0,0,0,0,0,1,5,1,0
29,5,440,1,25,0,1,0,0,0,0,1,5,1,0
29,5,440,1,33,0,0,1,0,0,0,1,5,1,0
29,5,440,2,28,0,0,0,1,0,0,1,5,0,1
29,5,440,2,26,0,0,0,0,1,0,1,5,0,1
29,5,440,2,25,0,0,0,0,0,1,1,5,0,1
30,1,451,1,32,1,0,0,0,0,0,0,4,1,0
30,1,451,1,27,0,1,0,0,0,0,0,4,1,0
30,1,451,1,33,0,0,1,0,0,0,0,4,1,0
30,1,451,2,37,0,0,0,1,0,0,0,4,0,1
30,1,451,2,37,0,0,0,0,1,0,0,4,0,1
30,1,451,2,35,0,0,0,0,0,1,0,4,0,1
30,2,452,1,40,1,0,0,0,0,0,.333333333333333,4,1,0
30,2,452,1,40,0,1,0,0,0,0,.333333333333333,4,1,0
30,2,452,1,38,0,0,1,0,0,0,.333333333333333,4,1,0
30,2,452,2,32,0,0,0,1,0,0,.333333333333333,4,0,1
30,2,452,2,34,0,0,0,0,1,0,.333333333333333,4,0,1
30,2,452,2,33,0,0,0,0,0,1,.333333333333333,4,0,1
30,3,453,1,30,1,0,0,0,0,0,.666666666666667,4,1,0
30,3,453,1,32,0,1,0,0,0,0,.666666666666667,4,1,0
30,3,453,1,32,0,0,1,0,0,0,.666666666666667,4,1,0
30,3,453,2,32,0,0,0,1,0,0,.666666666666667,4,0,1
30,3,453,2,33,0,0,0,0,1,0,.666666666666667,4,0,1
30,3,453,2,34,0,0,0,0,0,1,.666666666666667,4,0,1
30,4,454,1,36,1,0,0,0,0,0,1,4,1,0
30,4,454,1,38,0,1,0,0,0,0,1,4,1,0
30,4,454,1,36,0,0,1,0,0,0,1,4,1,0
30,4,454,2,27,0,0,0,1,0,0,1,4,0,1
30,4,454,2,35,0,0,0,0,1,0,1,4,0,1
30,4,454,2,33,0,0,0,0,0,1,1,4,0,1
31,1,466,1,23,1,0,0,0,0,0,0,6,1,0
31,1,466,1,22,0,1,0,0,0,0,0,6,1,0
31,1,466,1,27,0,0,1,0,0,0,0,6,1,0
31,1,466,2,29,0,0,0,1,0,0,0,6,0,1
31,1,466,2,26,0,0,0,0,1,0,0,6,0,1
31,1,466,2,23,0,0,0,0,0,1,0,6,0,1
31,2,467,1,23,1,0,0,0,0,0,.2,6,1,0
31,2,467,1,23,0,1,0,0,0,0,.2,6,1,0
31,2,467,1,23,0,0,1,0,0,0,.2,6,1,0
31,2,467,2,28,0,0,0,1,0,0,.2,6,0,1
31,2,467,2,25,0,0,0,0,1,0,.2,6,0,1
31,2,467,2,20,0,0,0,0,0,1,.2,6,0,1
31,3,468,1,24,1,0,0,0,0,0,.4,6,1,0
31,3,468,1,23,0,1,0,0,0,0,.4,6,1,0
31,3,468,1,25,0,0,1,0,0,0,.4,6,1,0
31,3,468,2,20,0,0,0,1,0,0,.4,6,0,1
31,3,468,2,29,0,0,0,0,1,0,.4,6,0,1
31,3,468,2,22,0,0,0,0,0,1,.4,6,0,1
31,4,469,1,26,1,0,0,0,0,0,.6,6,1,0
31,4,469,1,27,0,1,0,0,0,0,.6,6,1,0
31,4,469,1,24,0,0,1,0,0,0,.6,6,1,0
31,4,469,2,26,0,0,0,1,0,0,.6,6,0,1
31,4,469,2,32,0,0,0,0,1,0,.6,6,0,1
31,4,469,2,23,0,0,0,0,0,1,.6,6,0,1
31,5,470,1,25,1,0,0,0,0,0,.8,6,1,0
31,5,470,1,25,0,1,0,0,0,0,.8,6,1,0
31,5,470,1,24,0,0,1,0,0,0,.8,6,1,0
31,5,470,2,27,0,0,0,1,0,0,.8,6,0,1
31,5,470,2,22,0,0,0,0,1,0,.8,6,0,1
31,5,470,2,20,0,0,0,0,0,1,.8,6,0,1
31,6,471,1,24,1,0,0,0,0,0,1,6,1,0
31,6,471,1,27,0,1,0,0,0,0,1,6,1,0
31,6,471,1,28,0,0,1,0,0,0,1,6,1,0
31,6,471,2,25,0,0,0,1,0,0,1,6,0,1
31,6,471,2,24,0,0,0,0,1,0,1,6,0,1
31,6,471,2,22,0,0,0,0,0,1,1,6,0,1
32,1,481,1,31,1,0,0,0,0,0,0,5,1,0
32,1,481,1,31,0,1,0,0,0,0,0,5,1,0
32,1,481,1,31,0,0,1,0,0,0,0,5,1,0
32,1,481,2,30,0,0,0,1,0,0,0,5,0,1
32,1,481,2,26,0,0,0,0,1,0,0,5,0,1
32,1,481,2,28,0,0,0,0,0,1,0,5,0,1
32,2,482,1,37,1,0,0,0,0,0,.25,5,1,0
32,2,482,1,31,0,1,0,0,0,0,.25,5,1,0
32,2,482,1,31,0,0,1,0,0,0,.25,5,1,0
32,2,482,2,34,0,0,0,1,0,0,.25,5,0,1
32,2,482,2,34,0,0,0,0,1,0,.25,5,0,1
32,2,482,2,33,0,0,0,0,0,1,.25,5,0,1
32,3,483,1,23,1,0,0,0,0,0,.5,5,1,0
32,3,483,1,26,0,1,0,0,0,0,.5,5,1,0
32,3,483,1,25,0,0,1,0,0,0,.5,5,1,0
32,3,483,2,32,0,0,0,1,0,0,.5,5,0,1
32,3,483,2,30,0,0,0,0,1,0,.5,5,0,1
32,3,483,2,34,0,0,0,0,0,1,.5,5,0,1
32,4,484,1,24,1,0,0,0,0,0,.75,5,1,0
32,4,484,1,25,0,1,0,0,0,0,.75,5,1,0
32,4,484,1,26,0,0,1,0,0,0,.75,5,1,0
32,4,484,2,30,0,0,0,1,0,0,.75,5,0,1
32,4,484,2,23,0,0,0,0,1,0,.75,5,0,1
32,4,484,2,30,0,0,0,0,0,1,.75,5,0,1
32,5,485,1,30,1,0,0,0,0,0,1,5,1,0
32,5,485,1,32,0,1,0,0,0,0,1,5,1,0
32,5,485,1,38,0,0,1,0,0,0,1,5,1,0
32,5,485,2,25,0,0,0,1,0,0,1,5,0,1
32,5,485,2,31,0,0,0,0,1,0,1,5,0,1
32,5,485,2,26,0,0,0,0,0,1,1,5,0,1
33,1,496,1,38,1,0,0,0,0,0,0,6,1,0
33,1,496,1,33,0,1,0,0,0,0,0,6,1,0
33,1,496,1,35,0,0,1,0,0,0,0,6,1,0
33,1,496,2,40,0,0,0,1,0,0,0,6,0,1
33,1,496,2,35,0,0,0,0,1,0,0,6,0,1
33,1,496,2,37,0,0,0,0,0,1,0,6,0,1
33,2,497,1,34,1,0,0,0,0,0,.2,6,1,0
33,2,497,1,31,0,1,0,0,0,0,.2,6,1,0
33,2,497,1,31,0,0,1,0,0,0,.2,6,1,0
33,2,497,2,34,0,0,0,1,0,0,.2,6,0,1
33,2,497,2,31,0,0,0,0,1,0,.2,6,0,1
33,2,497,2,36,0,0,0,0,0,1,.2,6,0,1
33,3,498,1,22,1,0,0,0,0,0,.4,6,1,0
33,3,498,1,22,0,1,0,0,0,0,.4,6,1,0
33,3,498,1,28,0,0,1,0,0,0,.4,6,1,0
33,3,498,2,32,0,0,0,1,0,0,.4,6,0,1
33,3,498,2,28,0,0,0,0,1,0,.4,6,0,1
33,3,498,2,30,0,0,0,0,0,1,.4,6,0,1
33,4,499,1,37,1,0,0,0,0,0,.6,6,1,0
33,4,499,1,31,0,1,0,0,0,0,.6,6,1,0
33,4,499,1,33,0,0,1,0,0,0,.6,6,1,0
33,4,499,2,30,0,0,0,1,0,0,.6,6,0,1
33,4,499,2,35,0,0,0,0,1,0,.6,6,0,1
33,4,499,2,37,0,0,0,0,0,1,.6,6,0,1
33,5,500,1,33,1,0,0,0,0,0,.8,6,1,0
33,5,500,1,29,0,1,0,0,0,0,.8,6,1,0
33,5,500,1,32,0,0,1,0,0,0,.8,6,1,0
33,5,500,2,31,0,0,0,1,0,0,.8,6,0,1
33,5,500,2,35,0,0,0,0,1,0,.8,6,0,1
33,5,500,2,31,0,0,0,0,0,1,.8,6,0,1
33,6,501,1,36,1,0,0,0,0,0,1,6,1,0
33,6,501,1,26,0,1,0,0,0,0,1,6,1,0
33,6,501,1,32,0,0,1,0,0,0,1,6,1,0
33,6,501,2,36,0,0,0,1,0,0,1,6,0,1
33,6,501,2,31,0,0,0,0,1,0,1,6,0,1
33,6,501,2,30,0,0,0,0,0,1,1,6,0,1
34,1,511,1,34,1,0,0,0,0,0,0,8,1,0
34,1,511,1,34,0,1,0,0,0,0,0,8,1,0
34,1,511,1,30,0,0,1,0,0,0,0,8,1,0
34,1,511,2,39,0,0,0,1,0,0,0,8,0,1
34,1,511,2,35,0,0,0,0,1,0,0,8,0,1
34,1,511,2,38,0,0,0,0,0,1,0,8,0,1
34,2,512,1,36,1,0,0,0,0,0,.142857142857143,8,1,0
34,2,512,1,34,0,1,0,0,0,0,.142857142857143,8,1,0
34,2,512,1,30,0,0,1,0,0,0,.142857142857143,8,1,0
34,2,512,2,38,0,0,0,1,0,0,.142857142857143,8,0,1
34,2,512,2,41,0,0,0,0,1,0,.142857142857143,8,0,1
34,2,512,2,38,0,0,0,0,0,1,.142857142857143,8,0,1
34,3,513,1,37,1,0,0,0,0,0,.285714285714286,8,1,0
34,3,513,1,34,0,1,0,0,0,0,.285714285714286,8,1,0
34,3,513,1,34,0,0,1,0,0,0,.285714285714286,8,1,0
34,3,513,2,36,0,0,0,1,0,0,.285714285714286,8,0,1
34,3,513,2,37,0,0,0,0,1,0,.285714285714286,8,0,1
34,3,513,2,35,0,0,0,0,0,1,.285714285714286,8,0,1
34,4,514,1,36,1,0,0,0,0,0,.428571428571429,8,1,0
34,4,514,1,30,0,1,0,0,0,0,.428571428571429,8,1,0
34,4,514,1,32,0,0,1,0,0,0,.428571428571429,8,1,0
34,4,514,2,32,0,0,0,1,0,0,.428571428571429,8,0,1
34,4,514,2,34,0,0,0,0,1,0,.428571428571429,8,0,1
34,4,514,2,33,0,0,0,0,0,1,.428571428571429,8,0,1
34,5,515,1,36,1,0,0,0,0,0,.571428571428571,8,1,0
34,5,515,1,36,0,1,0,0,0,0,.571428571428571,8,1,0
34,5,515,1,34,0,0,1,0,0,0,.571428571428571,8,1,0
34,5,515,2,28,0,0,0,1,0,0,.571428571428571,8,0,1
34,5,515,2,30,0,0,0,0,1,0,.571428571428571,8,0,1
34,5,515,2,33,0,0,0,0,0,1,.571428571428571,8,0,1
34,6,516,1,35,1,0,0,0,0,0,.714285714285714,8,1,0
34,6,516,1,36,0,1,0,0,0,0,.714285714285714,8,1,0
34,6,516,1,35,0,0,1,0,0,0,.714285714285714,8,1,0
34,6,516,2,32,0,0,0,1,0,0,.714285714285714,8,0,1
34,6,516,2,36,0,0,0,0,1,0,.714285714285714,8,0,1
34,6,516,2,35,0,0,0,0,0,1,.714285714285714,8,0,1
34,7,517,1,32,1,0,0,0,0,0,.857142857142857,8,1,0
34,7,517,1,31,0,1,0,0,0,0,.857142857142857,8,1,0
34,7,517,1,28,0,0,1,0,0,0,.857142857142857,8,1,0
34,7,517,2,32,0,0,0,1,0,0,.857142857142857,8,0,1
34,7,517,2,29,0,0,0,0,1,0,.857142857142857,8,0,1
34,7,517,2,33,0,0,0,0,0,1,.857142857142857,8,0,1
34,8,518,1,31,1,0,0,0,0,0,1,8,1,0
34,8,518,1,30,0,1,0,0,0,0,1,8,1,0
34,8,518,1,29,0,0,1,0,0,0,1,8,1,0
34,8,518,2,32,0,0,0,1,0,0,1,8,0,1
34,8,518,2,28,0,0,0,0,1,0,1,8,0,1
34,8,518,2,34,0,0,0,0,0,1,1,8,0,1
35,1,526,1,19,1,0,0,0,0,0,0,5,1,0
35,1,526,1,23,0,1,0,0,0,0,0,5,1,0
35,1,526,1,23,0,0,1,0,0,0,0,5,1,0
35,1,526,2,22,0,0,0,1,0,0,0,5,0,1
35,1,526,2,27,0,0,0,0,1,0,0,5,0,1
35,1,526,2,27,0,0,0,0,0,1,0,5,0,1
35,2,527,1,24,1,0,0,0,0,0,.25,5,1,0
35,2,527,1,31,0,1,0,0,0,0,.25,5,1,0
35,2,527,1,28,0,0,1,0,0,0,.25,5,1,0
35,2,527,2,29,0,0,0,1,0,0,.25,5,0,1
35,2,527,2,31,0,0,0,0,1,0,.25,5,0,1
35,2,527,2,29,0,0,0,0,0,1,.25,5,0,1
35,3,528,1,22,1,0,0,0,0,0,.5,5,1,0
35,3,528,1,30,0,1,0,0,0,0,.5,5,1,0
35,3,528,1,23,0,0,1,0,0,0,.5,5,1,0
35,3,528,2,22,0,0,0,1,0,0,.5,5,0,1
35,3,528,2,26,0,0,0,0,1,0,.5,5,0,1
35,3,528,2,22,0,0,0,0,0,1,.5,5,0,1
35,4,529,1,29,1,0,0,0,0,0,.75,5,1,0
35,4,529,1,29,0,1,0,0,0,0,.75,5,1,0
35,4,529,1,33,0,0,1,0,0,0,.75,5,1,0
35,4,529,2,21,0,0,0,1,0,0,.75,5,0,1
35,4,529,2,19,0,0,0,0,1,0,.75,5,0,1
35,4,529,2,17,0,0,0,0,0,1,.75,5,0,1
35,5,530,1,25,1,0,0,0,0,0,1,5,1,0
35,5,530,1,25,0,1,0,0,0,0,1,5,1,0
35,5,530,1,29,0,0,1,0,0,0,1,5,1,0
35,5,530,2,20,0,0,0,1,0,0,1,5,0,1
35,5,530,2,19,0,0,0,0,1,0,1,5,0,1
35,5,530,2,20,0,0,0,0,0,1,1,5,0,1
36,1,541,1,40,1,0,0,0,0,0,0,7,1,0
36,1,541,1,35,0,1,0,0,0,0,0,7,1,0
36,1,541,1,39,0,0,1,0,0,0,0,7,1,0
36,1,541,2,31,0,0,0,1,0,0,0,7,0,1
36,1,541,2,32,0,0,0,0,1,0,0,7,0,1
36,1,541,2,26,0,0,0,0,0,1,0,7,0,1
36,2,542,1,37,1,0,0,0,0,0,.166666666666667,7,1,0
36,2,542,1,36,0,1,0,0,0,0,.166666666666667,7,1,0
36,2,542,1,38,0,0,1,0,0,0,.166666666666667,7,1,0
36,2,542,2,31,0,0,0,1,0,0,.166666666666667,7,0,1
36,2,542,2,31,0,0,0,0,1,0,.166666666666667,7,0,1
36,2,542,2,33,0,0,0,0,0,1,.166666666666667,7,0,1
36,3,543,1,35,1,0,0,0,0,0,.333333333333333,7,1,0
36,3,543,1,32,0,1,0,0,0,0,.333333333333333,7,1,0
36,3,543,1,31,0,0,1,0,0,0,.333333333333333,7,1,0
36,3,543,2,30,0,0,0,1,0,0,.333333333333333,7,0,1
36,3,543,2,32,0,0,0,0,1,0,.333333333333333,7,0,1
36,3,543,2,34,0,0,0,0,0,1,.333333333333333,7,0,1
36,4,544,1,38,1,0,0,0,0,0,.5,7,1,0
36,4,544,1,37,0,1,0,0,0,0,.5,7,1,0
36,4,544,1,42,0,0,1,0,0,0,.5,7,1,0
36,4,544,2,27,0,0,0,1,0,0,.5,7,0,1
36,4,544,2,32,0,0,0,0,1,0,.5,7,0,1
36,4,544,2,26,0,0,0,0,0,1,.5,7,0,1
36,5,545,1,34,1,0,0,0,0,0,.666666666666667,7,1,0
36,5,545,1,28,0,1,0,0,0,0,.666666666666667,7,1,0
36,5,545,1,33,0,0,1,0,0,0,.666666666666667,7,1,0
36,5,545,2,32,0,0,0,1,0,0,.666666666666667,7,0,1
36,5,545,2,30,0,0,0,0,1,0,.666666666666667,7,0,1
36,5,545,2,29,0,0,0,0,0,1,.666666666666667,7,0,1
36,6,546,1,30,1,0,0,0,0,0,.833333333333333,7,1,0
36,6,546,1,33,0,1,0,0,0,0,.833333333333333,7,1,0
36,6,546,1,31,0,0,1,0,0,0,.833333333333333,7,1,0
36,6,546,2,22,0,0,0,1,0,0,.833333333333333,7,0,1
36,6,546,2,21,0,0,0,0,1,0,.833333333333333,7,0,1
36,6,546,2,26,0,0,0,0,0,1,.833333333333333,7,0,1
36,7,547,1,35,1,0,0,0,0,0,1,7,1,0
36,7,547,1,32,0,1,0,0,0,0,1,7,1,0
36,7,547,1,31,0,0,1,0,0,0,1,7,1,0
36,7,547,2,36,0,0,0,1,0,0,1,7,0,1
36,7,547,2,35,0,0,0,0,1,0,1,7,0,1
36,7,547,2,34,0,0,0,0,0,1,1,7,0,1
37,1,556,1,25,1,0,0,0,0,0,0,5,1,0
37,1,556,1,21,0,1,0,0,0,0,0,5,1,0
37,1,556,1,27,0,0,1,0,0,0,0,5,1,0
37,1,556,2,28,0,0,0,1,0,0,0,5,0,1
37,1,556,2,27,0,0,0,0,1,0,0,5,0,1
37,1,556,2,21,0,0,0,0,0,1,0,5,0,1
37,2,557,1,27,1,0,0,0,0,0,.25,5,1,0
37,2,557,1,23,0,1,0,0,0,0,.25,5,1,0
37,2,557,1,23,0,0,1,0,0,0,.25,5,1,0
37,2,557,2,28,0,0,0,1,0,0,.25,5,0,1
37,2,557,2,25,0,0,0,0,1,0,.25,5,0,1
37,2,557,2,27,0,0,0,0,0,1,.25,5,0,1
37,3,558,1,26,1,0,0,0,0,0,.5,5,1,0
37,3,558,1,24,0,1,0,0,0,0,.5,5,1,0
37,3,558,1,26,0,0,1,0,0,0,.5,5,1,0
37,3,558,2,27,0,0,0,1,0,0,.5,5,0,1
37,3,558,2,22,0,0,0,0,1,0,.5,5,0,1
37,3,558,2,22,0,0,0,0,0,1,.5,5,0,1
37,4,559,1,21,1,0,0,0,0,0,.75,5,1,0
37,4,559,1,21,0,1,0,0,0,0,.75,5,1,0
37,4,559,1,26,0,0,1,0,0,0,.75,5,1,0
37,4,559,2,17,0,0,0,1,0,0,.75,5,0,1
37,4,559,2,19,0,0,0,0,1,0,.75,5,0,1
37,4,559,2,17,0,0,0,0,0,1,.75,5,0,1
37,5,560,1,16,1,0,0,0,0,0,1,5,1,0
37,5,560,1,24,0,1,0,0,0,0,1,5,1,0
37,5,560,1,20,0,0,1,0,0,0,1,5,1,0
37,5,560,2,23,0,0,0,1,0,0,1,5,0,1
37,5,560,2,25,0,0,0,0,1,0,1,5,0,1
37,5,560,2,23,0,0,0,0,0,1,1,5,0,1
38,1,571,1,19,1,0,0,0,0,0,0,6,1,0
38,1,571,1,23,0,1,0,0,0,0,0,6,1,0
38,1,571,1,23,0,0,1,0,0,0,0,6,1,0
38,1,571,2,20,0,0,0,1,0,0,0,6,0,1
38,1,571,2,26,0,0,0,0,1,0,0,6,0,1
38,1,571,2,24,0,0,0,0,0,1,0,6,0,1
38,2,572,1,19,1,0,0,0,0,0,.2,6,1,0
38,2,572,1,11,0,1,0,0,0,0,.2,6,1,0
38,2,572,1,16,0,0,1,0,0,0,.2,6,1,0
38,2,572,2,20,0,0,0,1,0,0,.2,6,0,1
38,2,572,2,22,0,0,0,0,1,0,.2,6,0,1
38,2,572,2,21,0,0,0,0,0,1,.2,6,0,1
38,3,573,1,26,1,0,0,0,0,0,.4,6,1,0
38,3,573,1,22,0,1,0,0,0,0,.4,6,1,0
38,3,573,1,21,0,0,1,0,0,0,.4,6,1,0
38,3,573,2,21,0,0,0,1,0,0,.4,6,0,1
38,3,573,2,21,0,0,0,0,1,0,.4,6,0,1
38,3,573,2,26,0,0,0,0,0,1,.4,6,0,1
38,4,574,1,26,1,0,0,0,0,0,.6,6,1,0
38,4,574,1,25,0,1,0,0,0,0,.6,6,1,0
38,4,574,1,24,0,0,1,0,0,0,.6,6,1,0
38,4,574,2,24,0,0,0,1,0,0,.6,6,0,1
38,4,574,2,24,0,0,0,0,1,0,.6,6,0,1
38,4,574,2,23,0,0,0,0,0,1,.6,6,0,1
38,5,575,1,18,1,0,0,0,0,0,.8,6,1,0
38,5,575,1,21,0,1,0,0,0,0,.8,6,1,0
38,5,575,1,21,0,0,1,0,0,0,.8,6,1,0
38,5,575,2,25,0,0,0,1,0,0,.8,6,0,1
38,5,575,2,28,0,0,0,0,1,0,.8,6,0,1
38,5,575,2,27,0,0,0,0,0,1,.8,6,0,1
38,6,576,1,16,1,0,0,0,0,0,1,6,1,0
38,6,576,1,20,0,1,0,0,0,0,1,6,1,0
38,6,576,1,23,0,0,1,0,0,0,1,6,1,0
38,6,576,2,20,0,0,0,1,0,0,1,6,0,1
38,6,576,2,18,0,0,0,0,1,0,1,6,0,1
38,6,576,2,19,0,0,0,0,0,1,1,6,0,1
39,1,586,1,31,1,0,0,0,0,0,0,6,1,0
39,1,586,1,36,0,1,0,0,0,0,0,6,1,0
39,1,586,1,34,0,0,1,0,0,0,0,6,1,0
39,1,586,2,32,0,0,0,1,0,0,0,6,0,1
39,1,586,2,32,0,0,0,0,1,0,0,6,0,1
39,1,586,2,29,0,0,0,0,0,1,0,6,0,1
39,2,587,1,23,1,0,0,0,0,0,.2,6,1,0
39,2,587,1,31,0,1,0,0,0,0,.2,6,1,0
39,2,587,1,30,0,0,1,0,0,0,.2,6,1,0
39,2,587,2,22,0,0,0,1,0,0,.2,6,0,1
39,2,587,2,25,0,0,0,0,1,0,.2,6,0,1
39,2,587,2,23,0,0,0,0,0,1,.2,6,0,1
39,3,588,1,18,1,0,0,0,0,0,.4,6,1,0
39,3,588,1,21,0,1,0,0,0,0,.4,6,1,0
39,3,588,1,20,0,0,1,0,0,0,.4,6,1,0
39,3,588,2,28,0,0,0,1,0,0,.4,6,0,1
39,3,588,2,27,0,0,0,0,1,0,.4,6,0,1
39,3,588,2,26,0,0,0,0,0,1,.4,6,0,1
39,4,589,1,22,1,0,0,0,0,0,.6,6,1,0
39,4,589,1,28,0,1,0,0,0,0,.6,6,1,0
39,4,589,1,18,0,0,1,0,0,0,.6,6,1,0
39,4,589,2,24,0,0,0,1,0,0,.6,6,0,1
39,4,589,2,26,0,0,0,0,1,0,.6,6,0,1
39,4,589,2,25,0,0,0,0,0,1,.6,6,0,1
39,5,590,1,30,1,0,0,0,0,0,.8,6,1,0
39,5,590,1,32,0,1,0,0,0,0,.8,6,1,0
39,5,590,1,35,0,0,1,0,0,0,.8,6,1,0
39,5,590,2,32,0,0,0,1,0,0,.8,6,0,1
39,5,590,2,33,0,0,0,0,1,0,.8,6,0,1
39,5,590,2,33,0,0,0,0,0,1,.8,6,0,1
39,6,591,1,31,1,0,0,0,0,0,1,6,1,0
39,6,591,1,30,0,1,0,0,0,0,1,6,1,0
39,6,591,1,31,0,0,1,0,0,0,1,6,1,0
39,6,591,2,29,0,0,0,1,0,0,1,6,0,1
39,6,591,2,31,0,0,0,0,1,0,1,6,0,1
39,6,591,2,29,0,0,0,0,0,1,1,6,0,1
40,1,601,1,24,1,0,0,0,0,0,0,7,1,0
40,1,601,1,27,0,1,0,0,0,0,0,7,1,0
40,1,601,1,24,0,0,1,0,0,0,0,7,1,0
40,1,601,2,25,0,0,0,1,0,0,0,7,0,1
40,1,601,2,18,0,0,0,0,1,0,0,7,0,1
40,1,601,2,23,0,0,0,0,0,1,0,7,0,1
40,2,602,1,26,1,0,0,0,0,0,.166666666666667,7,1,0
40,2,602,1,23,0,1,0,0,0,0,.166666666666667,7,1,0
40,2,602,1,26,0,0,1,0,0,0,.166666666666667,7,1,0
40,2,602,2,23,0,0,0,1,0,0,.166666666666667,7,0,1
40,2,602,2,17,0,0,0,0,1,0,.166666666666667,7,0,1
40,2,602,2,24,0,0,0,0,0,1,.166666666666667,7,0,1
40,3,603,1,29,1,0,0,0,0,0,.333333333333333,7,1,0
40,3,603,1,25,0,1,0,0,0,0,.333333333333333,7,1,0
40,3,603,1,33,0,0,1,0,0,0,.333333333333333,7,1,0
40,3,603,2,31,0,0,0,1,0,0,.333333333333333,7,0,1
40,3,603,2,27,0,0,0,0,1,0,.333333333333333,7,0,1
40,3,603,2,29,0,0,0,0,0,1,.333333333333333,7,0,1
40,4,604,1,26,1,0,0,0,0,0,.5,7,1,0
40,4,604,1,21,0,1,0,0,0,0,.5,7,1,0
40,4,604,1,24,0,0,1,0,0,0,.5,7,1,0
40,4,604,2,29,0,0,0,1,0,0,.5,7,0,1
40,4,604,2,23,0,0,0,0,1,0,.5,7,0,1
40,4,604,2,25,0,0,0,0,0,1,.5,7,0,1
40,5,605,1,24,1,0,0,0,0,0,.666666666666667,7,1,0
40,5,605,1,22,0,1,0,0,0,0,.666666666666667,7,1,0
40,5,605,1,27,0,0,1,0,0,0,.666666666666667,7,1,0
40,5,605,2,24,0,0,0,1,0,0,.666666666666667,7,0,1
40,5,605,2,23,0,0,0,0,1,0,.666666666666667,7,0,1
40,5,605,2,28,0,0,0,0,0,1,.666666666666667,7,0,1
40,6,606,1,26,1,0,0,0,0,0,.833333333333333,7,1,0
40,6,606,1,27,0,1,0,0,0,0,.833333333333333,7,1,0
40,6,606,1,27,0,0,1,0,0,0,.833333333333333,7,1,0
40,6,606,2,26,0,0,0,1,0,0,.833333333333333,7,0,1
40,6,606,2,25,0,0,0,0,1,0,.833333333333333,7,0,1
40,6,606,2,25,0,0,0,0,0,1,.833333333333333,7,0,1
40,7,607,1,29,1,0,0,0,0,0,1,7,1,0
40,7,607,1,28,0,1,0,0,0,0,1,7,1,0
40,7,607,1,29,0,0,1,0,0,0,1,7,1,0
40,7,607,2,28,0,0,0,1,0,0,1,7,0,1
40,7,607,2,25,0,0,0,0,1,0,1,7,0,1
40,7,607,2,29,0,0,0,0,0,1,1,7,0,1
41,1,616,1,24,1,0,0,0,0,0,0,8,1,0
41,1,616,1,33,0,1,0,0,0,0,0,8,1,0
41,1,616,1,33,0,0,1,0,0,0,0,8,1,0
41,1,616,2,33,0,0,0,1,0,0,0,8,0,1
41,1,616,2,33,0,0,0,0,1,0,0,8,0,1
41,1,616,2,36,0,0,0,0,0,1,0,8,0,1
41,2,617,1,24,1,0,0,0,0,0,.142857142857143,8,1,0
41,2,617,1,27,0,1,0,0,0,0,.142857142857143,8,1,0
41,2,617,1,30,0,0,1,0,0,0,.142857142857143,8,1,0
41,2,617,2,28,0,0,0,1,0,0,.142857142857143,8,0,1
41,2,617,2,20,0,0,0,0,1,0,.142857142857143,8,0,1
41,2,617,2,23,0,0,0,0,0,1,.142857142857143,8,0,1
41,3,618,1,31,1,0,0,0,0,0,.285714285714286,8,1,0
41,3,618,1,30,0,1,0,0,0,0,.285714285714286,8,1,0
41,3,618,1,32,0,0,1,0,0,0,.285714285714286,8,1,0
41,3,618,2,30,0,0,0,1,0,0,.285714285714286,8,0,1
41,3,618,2,33,0,0,0,0,1,0,.285714285714286,8,0,1
41,3,618,2,24,0,0,0,0,0,1,.285714285714286,8,0,1
41,4,619,1,39,1,0,0,0,0,0,.428571428571429,8,1,0
41,4,619,1,36,0,1,0,0,0,0,.428571428571429,8,1,0
41,4,619,1,35,0,0,1,0,0,0,.428571428571429,8,1,0
41,4,619,2,40,0,0,0,1,0,0,.428571428571429,8,0,1
41,4,619,2,34,0,0,0,0,1,0,.428571428571429,8,0,1
41,4,619,2,38,0,0,0,0,0,1,.428571428571429,8,0,1
41,5,620,1,37,1,0,0,0,0,0,.571428571428571,8,1,0
41,5,620,1,41,0,1,0,0,0,0,.571428571428571,8,1,0
41,5,620,1,34,0,0,1,0,0,0,.571428571428571,8,1,0
41,5,620,2,28,0,0,0,1,0,0,.571428571428571,8,0,1
41,5,620,2,30,0,0,0,0,1,0,.571428571428571,8,0,1
41,5,620,2,28,0,0,0,0,0,1,.571428571428571,8,0,1
41,6,621,1,32,1,0,0,0,0,0,.714285714285714,8,1,0
41,6,621,1,30,0,1,0,0,0,0,.714285714285714,8,1,0
41,6,621,1,30,0,0,1,0,0,0,.714285714285714,8,1,0
41,6,621,2,39,0,0,0,1,0,0,.714285714285714,8,0,1
41,6,621,2,38,0,0,0,0,1,0,.714285714285714,8,0,1
41,6,621,2,34,0,0,0,0,0,1,.714285714285714,8,0,1
41,7,622,1,38,1,0,0,0,0,0,.857142857142857,8,1,0
41,7,622,1,42,0,1,0,0,0,0,.857142857142857,8,1,0
41,7,622,1,39,0,0,1,0,0,0,.857142857142857,8,1,0
41,7,622,2,32,0,0,0,1,0,0,.857142857142857,8,0,1
41,7,622,2,32,0,0,0,0,1,0,.857142857142857,8,0,1
41,7,622,2,31,0,0,0,0,0,1,.857142857142857,8,0,1
41,8,623,1,35,1,0,0,0,0,0,1,8,1,0
41,8,623,1,33,0,1,0,0,0,0,1,8,1,0
41,8,623,1,30,0,0,1,0,0,0,1,8,1,0
41,8,623,2,35,0,0,0,1,0,0,1,8,0,1
41,8,623,2,33,0,0,0,0,1,0,1,8,0,1
41,8,623,2,33,0,0,0,0,0,1,1,8,0,1
42,1,631,1,30,1,0,0,0,0,0,0,8,1,0
42,1,631,1,31,0,1,0,0,0,0,0,8,1,0
42,1,631,1,30,0,0,1,0,0,0,0,8,1,0
42,1,631,2,34,0,0,0,1,0,0,0,8,0,1
42,1,631,2,33,0,0,0,0,1,0,0,8,0,1
42,1,631,2,30,0,0,0,0,0,1,0,8,0,1
42,2,632,1,31,1,0,0,0,0,0,.142857142857143,8,1,0
42,2,632,1,28,0,1,0,0,0,0,.142857142857143,8,1,0
42,2,632,1,33,0,0,1,0,0,0,.142857142857143,8,1,0
42,2,632,2,25,0,0,0,1,0,0,.142857142857143,8,0,1
42,2,632,2,28,0,0,0,0,1,0,.142857142857143,8,0,1
42,2,632,2,30,0,0,0,0,0,1,.142857142857143,8,0,1
42,3,633,1,33,1,0,0,0,0,0,.285714285714286,8,1,0
42,3,633,1,35,0,1,0,0,0,0,.285714285714286,8,1,0
42,3,633,1,26,0,0,1,0,0,0,.285714285714286,8,1,0
42,3,633,2,28,0,0,0,1,0,0,.285714285714286,8,0,1
42,3,633,2,30,0,0,0,0,1,0,.285714285714286,8,0,1
42,3,633,2,32,0,0,0,0,0,1,.285714285714286,8,0,1
42,4,634,1,28,1,0,0,0,0,0,.428571428571429,8,1,0
42,4,634,1,25,0,1,0,0,0,0,.428571428571429,8,1,0
42,4,634,1,24,0,0,1,0,0,0,.428571428571429,8,1,0
42,4,634,2,27,0,0,0,1,0,0,.428571428571429,8,0,1
42,4,634,2,32,0,0,0,0,1,0,.428571428571429,8,0,1
42,4,634,2,35,0,0,0,0,0,1,.428571428571429,8,0,1
42,5,635,1,36,1,0,0,0,0,0,.571428571428571,8,1,0
42,5,635,1,33,0,1,0,0,0,0,.571428571428571,8,1,0
42,5,635,1,35,0,0,1,0,0,0,.571428571428571,8,1,0
42,5,635,2,35,0,0,0,1,0,0,.571428571428571,8,0,1
42,5,635,2,38,0,0,0,0,1,0,.571428571428571,8,0,1
42,5,635,2,36,0,0,0,0,0,1,.571428571428571,8,0,1
42,6,636,1,33,1,0,0,0,0,0,.714285714285714,8,1,0
42,6,636,1,27,0,1,0,0,0,0,.714285714285714,8,1,0
42,6,636,1,28,0,0,1,0,0,0,.714285714285714,8,1,0
42,6,636,2,30,0,0,0,1,0,0,.714285714285714,8,0,1
42,6,636,2,31,0,0,0,0,1,0,.714285714285714,8,0,1
42,6,636,2,30,0,0,0,0,0,1,.714285714285714,8,0,1
42,7,637,1,29,1,0,0,0,0,0,.857142857142857,8,1,0
42,7,637,1,29,0,1,0,0,0,0,.857142857142857,8,1,0
42,7,637,1,26,0,0,1,0,0,0,.857142857142857,8,1,0
42,7,637,2,34,0,0,0,1,0,0,.857142857142857,8,0,1
42,7,637,2,30,0,0,0,0,1,0,.857142857142857,8,0,1
42,7,637,2,31,0,0,0,0,0,1,.857142857142857,8,0,1
42,8,638,1,33,1,0,0,0,0,0,1,8,1,0
42,8,638,1,32,0,1,0,0,0,0,1,8,1,0
42,8,638,1,29,0,0,1,0,0,0,1,8,1,0
42,8,638,2,35,0,0,0,1,0,0,1,8,0,1
42,8,638,2,36,0,0,0,0,1,0,1,8,0,1
42,8,638,2,36,0,0,0,0,0,1,1,8,0,1
43,1,646,1,30,1,0,0,0,0,0,0,8,1,0
43,1,646,1,33,0,1,0,0,0,0,0,8,1,0
43,1,646,1,32,0,0,1,0,0,0,0,8,1,0
43,1,646,2,30,0,0,0,1,0,0,0,8,0,1
43,1,646,2,37,0,0,0,0,1,0,0,8,0,1
43,1,646,2,34,0,0,0,0,0,1,0,8,0,1
43,2,647,1,30,1,0,0,0,0,0,.142857142857143,8,1,0
43,2,647,1,31,0,1,0,0,0,0,.142857142857143,8,1,0
43,2,647,1,25,0,0,1,0,0,0,.142857142857143,8,1,0
43,2,647,2,36,0,0,0,1,0,0,.142857142857143,8,0,1
43,2,647,2,34,0,0,0,0,1,0,.142857142857143,8,0,1
43,2,647,2,36,0,0,0,0,0,1,.142857142857143,8,0,1
43,3,648,1,29,1,0,0,0,0,0,.285714285714286,8,1,0
43,3,648,1,31,0,1,0,0,0,0,.285714285714286,8,1,0
43,3,648,1,30,0,0,1,0,0,0,.285714285714286,8,1,0
43,3,648,2,28,0,0,0,1,0,0,.285714285714286,8,0,1
43,3,648,2,30,0,0,0,0,1,0,.285714285714286,8,0,1
43,3,648,2,27,0,0,0,0,0,1,.285714285714286,8,0,1
43,4,649,1,31,1,0,0,0,0,0,.428571428571429,8,1,0
43,4,649,1,31,0,1,0,0,0,0,.428571428571429,8,1,0
43,4,649,1,23,0,0,1,0,0,0,.428571428571429,8,1,0
43,4,649,2,39,0,0,0,1,0,0,.428571428571429,8,0,1
43,4,649,2,31,0,0,0,0,1,0,.428571428571429,8,0,1
43,4,649,2,35,0,0,0,0,0,1,.428571428571429,8,0,1
43,5,650,1,28,1,0,0,0,0,0,.571428571428571,8,1,0
43,5,650,1,31,0,1,0,0,0,0,.571428571428571,8,1,0
43,5,650,1,32,0,0,1,0,0,0,.571428571428571,8,1,0
43,5,650,2,31,0,0,0,1,0,0,.571428571428571,8,0,1
43,5,650,2,31,0,0,0,0,1,0,.571428571428571,8,0,1
43,5,650,2,31,0,0,0,0,0,1,.571428571428571,8,0,1
43,6,651,1,36,1,0,0,0,0,0,.714285714285714,8,1,0
43,6,651,1,28,0,1,0,0,0,0,.714285714285714,8,1,0
43,6,651,1,34,0,0,1,0,0,0,.714285714285714,8,1,0
43,6,651,2,25,0,0,0,1,0,0,.714285714285714,8,0,1
43,6,651,2,23,0,0,0,0,1,0,.714285714285714,8,0,1
43,6,651,2,33,0,0,0,0,0,1,.714285714285714,8,0,1
43,7,652,1,29,1,0,0,0,0,0,.857142857142857,8,1,0
43,7,652,1,26,0,1,0,0,0,0,.857142857142857,8,1,0
43,7,652,1,30,0,0,1,0,0,0,.857142857142857,8,1,0
43,7,652,2,29,0,0,0,1,0,0,.857142857142857,8,0,1
43,7,652,2,30,0,0,0,0,1,0,.857142857142857,8,0,1
43,7,652,2,27,0,0,0,0,0,1,.857142857142857,8,0,1
43,8,653,1,28,1,0,0,0,0,0,1,8,1,0
43,8,653,1,29,0,1,0,0,0,0,1,8,1,0
43,8,653,1,29,0,0,1,0,0,0,1,8,1,0
43,8,653,2,30,0,0,0,1,0,0,1,8,0,1
43,8,653,2,33,0,0,0,0,1,0,1,8,0,1
43,8,653,2,32,0,0,0,0,0,1,1,8,0,1
44,1,661,1,28,1,0,0,0,0,0,0,4,1,0
44,1,661,1,26,0,1,0,0,0,0,0,4,1,0
44,1,661,1,27,0,0,1,0,0,0,0,4,1,0
44,1,661,2,26,0,0,0,1,0,0,0,4,0,1
44,1,661,2,29,0,0,0,0,1,0,0,4,0,1
44,1,661,2,30,0,0,0,0,0,1,0,4,0,1
44,2,662,1,27,1,0,0,0,0,0,.333333333333333,4,1,0
44,2,662,1,30,0,1,0,0,0,0,.333333333333333,4,1,0
44,2,662,1,35,0,0,1,0,0,0,.333333333333333,4,1,0
44,2,662,2,34,0,0,0,1,0,0,.333333333333333,4,0,1
44,2,662,2,37,0,0,0,0,1,0,.333333333333333,4,0,1
44,2,662,2,38,0,0,0,0,0,1,.333333333333333,4,0,1
44,3,663,1,30,1,0,0,0,0,0,.666666666666667,4,1,0
44,3,663,1,30,0,1,0,0,0,0,.666666666666667,4,1,0
44,3,663,1,32,0,0,1,0,0,0,.666666666666667,4,1,0
44,3,663,2,30,0,0,0,1,0,0,.666666666666667,4,0,1
44,3,663,2,32,0,0,0,0,1,0,.666666666666667,4,0,1
44,3,663,2,27,0,0,0,0,0,1,.666666666666667,4,0,1
44,4,664,1,34,1,0,0,0,0,0,1,4,1,0
44,4,664,1,34,0,1,0,0,0,0,1,4,1,0
44,4,664,1,32,0,0,1,0,0,0,1,4,1,0
44,4,664,2,36,0,0,0,1,0,0,1,4,0,1
44,4,664,2,38,0,0,0,0,1,0,1,4,0,1
44,4,664,2,41,0,0,0,0,0,1,1,4,0,1
45,1,676,1,35,1,0,0,0,0,0,0,6,1,0
45,1,676,1,35,0,1,0,0,0,0,0,6,1,0
45,1,676,1,33,0,0,1,0,0,0,0,6,1,0
45,1,676,2,34,0,0,0,1,0,0,0,6,0,1
45,1,676,2,40,0,0,0,0,1,0,0,6,0,1
45,1,676,2,36,0,0,0,0,0,1,0,6,0,1
45,2,677,1,35,1,0,0,0,0,0,.2,6,1,0
45,2,677,1,37,0,1,0,0,0,0,.2,6,1,0
45,2,677,1,31,0,0,1,0,0,0,.2,6,1,0
45,2,677,2,36,0,0,0,1,0,0,.2,6,0,1
45,2,677,2,38,0,0,0,0,1,0,.2,6,0,1
45,2,677,2,41,0,0,0,0,0,1,.2,6,0,1
45,3,678,1,42,1,0,0,0,0,0,.4,6,1,0
45,3,678,1,41,0,1,0,0,0,0,.4,6,1,0
45,3,678,1,42,0,0,1,0,0,0,.4,6,1,0
45,3,678,2,37,0,0,0,1,0,0,.4,6,0,1
45,3,678,2,33,0,0,0,0,1,0,.4,6,0,1
45,3,678,2,40,0,0,0,0,0,1,.4,6,0,1
45,4,679,1,37,1,0,0,0,0,0,.6,6,1,0
45,4,679,1,37,0,1,0,0,0,0,.6,6,1,0
45,4,679,1,34,0,0,1,0,0,0,.6,6,1,0
45,4,679,2,39,0,0,0,1,0,0,.6,6,0,1
45,4,679,2,41,0,0,0,0,1,0,.6,6,0,1
45,4,679,2,41,0,0,0,0,0,1,.6,6,0,1
45,5,680,1,34,1,0,0,0,0,0,.8,6,1,0
45,5,680,1,42,0,1,0,0,0,0,.8,6,1,0
45,5,680,1,32,0,0,1,0,0,0,.8,6,1,0
45,5,680,2,39,0,0,0,1,0,0,.8,6,0,1
45,5,680,2,39,0,0,0,0,1,0,.8,6,0,1
45,5,680,2,37,0,0,0,0,0,1,.8,6,0,1
45,6,681,1,45,1,0,0,0,0,0,1,6,1,0
45,6,681,1,43,0,1,0,0,0,0,1,6,1,0
45,6,681,1,40,0,0,1,0,0,0,1,6,1,0
45,6,681,2,41,0,0,0,1,0,0,1,6,0,1
45,6,681,2,41,0,0,0,0,1,0,1,6,0,1
45,6,681,2,43,0,0,0,0,0,1,1,6,0,1
46,1,691,1,32,1,0,0,0,0,0,0,7,1,0
46,1,691,1,27,0,1,0,0,0,0,0,7,1,0
46,1,691,1,32,0,0,1,0,0,0,0,7,1,0
46,1,691,2,32,0,0,0,1,0,0,0,7,0,1
46,1,691,2,31,0,0,0,0,1,0,0,7,0,1
46,1,691,2,29,0,0,0,0,0,1,0,7,0,1
46,2,692,1,25,1,0,0,0,0,0,.166666666666667,7,1,0
46,2,692,1,30,0,1,0,0,0,0,.166666666666667,7,1,0
46,2,692,1,32,0,0,1,0,0,0,.166666666666667,7,1,0
46,2,692,2,36,0,0,0,1,0,0,.166666666666667,7,0,1
46,2,692,2,37,0,0,0,0,1,0,.166666666666667,7,0,1
46,2,692,2,31,0,0,0,0,0,1,.166666666666667,7,0,1
46,3,693,1,32,1,0,0,0,0,0,.333333333333333,7,1,0
46,3,693,1,32,0,1,0,0,0,0,.333333333333333,7,1,0
46,3,693,1,34,0,0,1,0,0,0,.333333333333333,7,1,0
46,3,693,2,34,0,0,0,1,0,0,.333333333333333,7,0,1
46,3,693,2,37,0,0,0,0,1,0,.333333333333333,7,0,1
46,3,693,2,33,0,0,0,0,0,1,.333333333333333,7,0,1
46,4,694,1,36,1,0,0,0,0,0,.5,7,1,0
46,4,694,1,29,0,1,0,0,0,0,.5,7,1,0
46,4,694,1,32,0,0,1,0,0,0,.5,7,1,0
46,4,694,2,30,0,0,0,1,0,0,.5,7,0,1
46,4,694,2,29,0,0,0,0,1,0,.5,7,0,1
46,4,694,2,33,0,0,0,0,0,1,.5,7,0,1
46,5,695,1,37,1,0,0,0,0,0,.666666666666667,7,1,0
46,5,695,1,33,0,1,0,0,0,0,.666666666666667,7,1,0
46,5,695,1,36,0,0,1,0,0,0,.666666666666667,7,1,0
46,5,695,2,38,0,0,0,1,0,0,.666666666666667,7,0,1
46,5,695,2,30,0,0,0,0,1,0,.666666666666667,7,0,1
46,5,695,2,29,0,0,0,0,0,1,.666666666666667,7,0,1
46,6,696,1,33,1,0,0,0,0,0,.833333333333333,7,1,0
46,6,696,1,34,0,1,0,0,0,0,.833333333333333,7,1,0
46,6,696,1,41,0,0,1,0,0,0,.833333333333333,7,1,0
46,6,696,2,35,0,0,0,1,0,0,.833333333333333,7,0,1
46,6,696,2,31,0,0,0,0,1,0,.833333333333333,7,0,1
46,6,696,2,32,0,0,0,0,0,1,.833333333333333,7,0,1
46,7,697,1,27,1,0,0,0,0,0,1,7,1,0
46,7,697,1,28,0,1,0,0,0,0,1,7,1,0
46,7,697,1,30,0,0,1,0,0,0,1,7,1,0
46,7,697,2,31,0,0,0,1,0,0,1,7,0,1
46,7,697,2,28,0,0,0,0,1,0,1,7,0,1
46,7,697,2,27,0,0,0,0,0,1,1,7,0,1
47,1,706,1,36,1,0,0,0,0,0,0,7,1,0
47,1,706,1,34,0,1,0,0,0,0,0,7,1,0
47,1,706,1,36,0,0,1,0,0,0,0,7,1,0
47,1,706,2,28,0,0,0,1,0,0,0,7,0,1
47,1,706,2,34,0,0,0,0,1,0,0,7,0,1
47,1,706,2,32,0,0,0,0,0,1,0,7,0,1
47,2,707,1,28,1,0,0,0,0,0,.166666666666667,7,1,0
47,2,707,1,30,0,1,0,0,0,0,.166666666666667,7,1,0
47,2,707,1,30,0,0,1,0,0,0,.166666666666667,7,1,0
47,2,707,2,27,0,0,0,1,0,0,.166666666666667,7,0,1
47,2,707,2,31,0,0,0,0,1,0,.166666666666667,7,0,1
47,2,707,2,31,0,0,0,0,0,1,.166666666666667,7,0,1
47,3,708,1,30,1,0,0,0,0,0,.333333333333333,7,1,0
47,3,708,1,30,0,1,0,0,0,0,.333333333333333,7,1,0
47,3,708,1,31,0,0,1,0,0,0,.333333333333333,7,1,0
47,3,708,2,22,0,0,0,1,0,0,.333333333333333,7,0,1
47,3,708,2,24,0,0,0,0,1,0,.333333333333333,7,0,1
47,3,708,2,29,0,0,0,0,0,1,.333333333333333,7,0,1
47,4,709,1,31,1,0,0,0,0,0,.5,7,1,0
47,4,709,1,28,0,1,0,0,0,0,.5,7,1,0
47,4,709,1,27,0,0,1,0,0,0,.5,7,1,0
47,4,709,2,29,0,0,0,1,0,0,.5,7,0,1
47,4,709,2,32,0,0,0,0,1,0,.5,7,0,1
47,4,709,2,26,0,0,0,0,0,1,.5,7,0,1
47,5,710,1,30,1,0,0,0,0,0,.666666666666667,7,1,0
47,5,710,1,31,0,1,0,0,0,0,.666666666666667,7,1,0
47,5,710,1,37,0,0,1,0,0,0,.666666666666667,7,1,0
47,5,710,2,31,0,0,0,1,0,0,.666666666666667,7,0,1
47,5,710,2,26,0,0,0,0,1,0,.666666666666667,7,0,1
47,5,710,2,30,0,0,0,0,0,1,.666666666666667,7,0,1
47,6,711,1,34,1,0,0,0,0,0,.833333333333333,7,1,0
47,6,711,1,34,0,1,0,0,0,0,.833333333333333,7,1,0
47,6,711,1,36,0,0,1,0,0,0,.833333333333333,7,1,0
47,6,711,2,43,0,0,0,1,0,0,.833333333333333,7,0,1
47,6,711,2,41,0,0,0,0,1,0,.833333333333333,7,0,1
47,6,711,2,38,0,0,0,0,0,1,.833333333333333,7,0,1
47,7,712,1,30,1,0,0,0,0,0,1,7,1,0
47,7,712,1,29,0,1,0,0,0,0,1,7,1,0
47,7,712,1,35,0,0,1,0,0,0,1,7,1,0
47,7,712,2,22,0,0,0,1,0,0,1,7,0,1
47,7,712,2,27,0,0,0,0,1,0,1,7,0,1
47,7,712,2,21,0,0,0,0,0,1,1,7,0,1
48,1,721,1,29,1,0,0,0,0,0,0,8,1,0
48,1,721,1,35,0,1,0,0,0,0,0,8,1,0
48,1,721,1,33,0,0,1,0,0,0,0,8,1,0
48,1,721,2,28,0,0,0,1,0,0,0,8,0,1
48,1,721,2,29,0,0,0,0,1,0,0,8,0,1
48,1,721,2,28,0,0,0,0,0,1,0,8,0,1
48,2,722,1,35,1,0,0,0,0,0,.142857142857143,8,1,0
48,2,722,1,24,0,1,0,0,0,0,.142857142857143,8,1,0
48,2,722,1,27,0,0,1,0,0,0,.142857142857143,8,1,0
48,2,722,2,30,0,0,0,1,0,0,.142857142857143,8,0,1
48,2,722,2,32,0,0,0,0,1,0,.142857142857143,8,0,1
48,2,722,2,30,0,0,0,0,0,1,.142857142857143,8,0,1
48,3,723,1,33,1,0,0,0,0,0,.285714285714286,8,1,0
48,3,723,1,35,0,1,0,0,0,0,.285714285714286,8,1,0
48,3,723,1,28,0,0,1,0,0,0,.285714285714286,8,1,0
48,3,723,2,41,0,0,0,1,0,0,.285714285714286,8,0,1
48,3,723,2,37,0,0,0,0,1,0,.285714285714286,8,0,1
48,3,723,2,36,0,0,0,0,0,1,.285714285714286,8,0,1
48,4,724,1,32,1,0,0,0,0,0,.428571428571429,8,1,0
48,4,724,1,32,0,1,0,0,0,0,.428571428571429,8,1,0
48,4,724,1,34,0,0,1,0,0,0,.428571428571429,8,1,0
48,4,724,2,31,0,0,0,1,0,0,.428571428571429,8,0,1
48,4,724,2,27,0,0,0,0,1,0,.428571428571429,8,0,1
48,4,724,2,29,0,0,0,0,0,1,.428571428571429,8,0,1
48,5,725,1,31,1,0,0,0,0,0,.571428571428571,8,1,0
48,5,725,1,34,0,1,0,0,0,0,.571428571428571,8,1,0
48,5,725,1,31,0,0,1,0,0,0,.571428571428571,8,1,0
48,5,725,2,32,0,0,0,1,0,0,.571428571428571,8,0,1
48,5,725,2,30,0,0,0,0,1,0,.571428571428571,8,0,1
48,5,725,2,31,0,0,0,0,0,1,.571428571428571,8,0,1
48,6,726,1,28,1,0,0,0,0,0,.714285714285714,8,1,0
48,6,726,1,30,0,1,0,0,0,0,.714285714285714,8,1,0
48,6,726,1,30,0,0,1,0,0,0,.714285714285714,8,1,0
48,6,726,2,33,0,0,0,1,0,0,.714285714285714,8,0,1
48,6,726,2,26,0,0,0,0,1,0,.714285714285714,8,0,1
48,6,726,2,25,0,0,0,0,0,1,.714285714285714,8,0,1
48,7,727,1,32,1,0,0,0,0,0,.857142857142857,8,1,0
48,7,727,1,41,0,1,0,0,0,0,.857142857142857,8,1,0
48,7,727,1,33,0,0,1,0,0,0,.857142857142857,8,1,0
48,7,727,2,32,0,0,0,1,0,0,.857142857142857,8,0,1
48,7,727,2,28,0,0,0,0,1,0,.857142857142857,8,0,1
48,7,727,2,30,0,0,0,0,0,1,.857142857142857,8,0,1
48,8,728,1,32,1,0,0,0,0,0,1,8,1,0
48,8,728,1,35,0,1,0,0,0,0,1,8,1,0
48,8,728,1,35,0,0,1,0,0,0,1,8,1,0
48,8,728,2,38,0,0,0,1,0,0,1,8,0,1
48,8,728,2,31,0,0,0,0,1,0,1,8,0,1
48,8,728,2,35,0,0,0,0,0,1,1,8,0,1
49,1,736,1,24,1,0,0,0,0,0,0,9,1,0
49,1,736,1,28,0,1,0,0,0,0,0,9,1,0
49,1,736,1,29,0,0,1,0,0,0,0,9,1,0
49,1,736,2,28,0,0,0,1,0,0,0,9,0,1
49,1,736,2,27,0,0,0,0,1,0,0,9,0,1
49,1,736,2,28,0,0,0,0,0,1,0,9,0,1
49,2,737,1,27,1,0,0,0,0,0,.125,9,1,0
49,2,737,1,26,0,1,0,0,0,0,.125,9,1,0
49,2,737,1,26,0,0,1,0,0,0,.125,9,1,0
49,2,737,2,29,0,0,0,1,0,0,.125,9,0,1
49,2,737,2,25,0,0,0,0,1,0,.125,9,0,1
49,2,737,2,28,0,0,0,0,0,1,.125,9,0,1
49,3,738,1,24,1,0,0,0,0,0,.25,9,1,0
49,3,738,1,23,0,1,0,0,0,0,.25,9,1,0
49,3,738,1,20,0,0,1,0,0,0,.25,9,1,0
49,3,738,2,27,0,0,0,1,0,0,.25,9,0,1
49,3,738,2,27,0,0,0,0,1,0,.25,9,0,1
49,3,738,2,24,0,0,0,0,0,1,.25,9,0,1
49,4,739,1,24,1,0,0,0,0,0,.375,9,1,0
49,4,739,1,27,0,1,0,0,0,0,.375,9,1,0
49,4,739,1,27,0,0,1,0,0,0,.375,9,1,0
49,4,739,2,21,0,0,0,1,0,0,.375,9,0,1
49,4,739,2,20,0,0,0,0,1,0,.375,9,0,1
49,4,739,2,28,0,0,0,0,0,1,.375,9,0,1
49,5,740,1,31,1,0,0,0,0,0,.5,9,1,0
49,5,740,1,26,0,1,0,0,0,0,.5,9,1,0
49,5,740,1,31,0,0,1,0,0,0,.5,9,1,0
49,5,740,2,28,0,0,0,1,0,0,.5,9,0,1
49,5,740,2,25,0,0,0,0,1,0,.5,9,0,1
49,5,740,2,26,0,0,0,0,0,1,.5,9,0,1
49,6,741,1,27,1,0,0,0,0,0,.625,9,1,0
49,6,741,1,26,0,1,0,0,0,0,.625,9,1,0
49,6,741,1,26,0,0,1,0,0,0,.625,9,1,0
49,6,741,2,24,0,0,0,1,0,0,.625,9,0,1
49,6,741,2,22,0,0,0,0,1,0,.625,9,0,1
49,6,741,2,28,0,0,0,0,0,1,.625,9,0,1
49,7,742,1,28,1,0,0,0,0,0,.75,9,1,0
49,7,742,1,33,0,1,0,0,0,0,.75,9,1,0
49,7,742,1,33,0,0,1,0,0,0,.75,9,1,0
49,7,742,2,24,0,0,0,1,0,0,.75,9,0,1
49,7,742,2,28,0,0,0,0,1,0,.75,9,0,1
49,7,742,2,27,0,0,0,0,0,1,.75,9,0,1
49,8,743,1,25,1,0,0,0,0,0,.875,9,1,0
49,8,743,1,27,0,1,0,0,0,0,.875,9,1,0
49,8,743,1,26,0,0,1,0,0,0,.875,9,1,0
49,8,743,2,25,0,0,0,1,0,0,.875,9,0,1
49,8,743,2,29,0,0,0,0,1,0,.875,9,0,1
49,8,743,2,26,0,0,0,0,0,1,.875,9,0,1
49,9,744,1,22,1,0,0,0,0,0,1,9,1,0
49,9,744,1,20,0,1,0,0,0,0,1,9,1,0
49,9,744,1,20,0,0,1,0,0,0,1,9,1,0
49,9,744,2,25,0,0,0,1,0,0,1,9,0,1
49,9,744,2,28,0,0,0,0,1,0,1,9,0,1
49,9,744,2,34,0,0,0,0,0,1,1,9,0,1
50,1,751,1,28,1,0,0,0,0,0,0,9,1,0
50,1,751,1,29,0,1,0,0,0,0,0,9,1,0
50,1,751,1,31,0,0,1,0,0,0,0,9,1,0
50,1,751,2,29,0,0,0,1,0,0,0,9,0,1
50,1,751,2,28,0,0,0,0,1,0,0,9,0,1
50,1,751,2,31,0,0,0,0,0,1,0,9,0,1
50,2,752,1,35,1,0,0,0,0,0,.125,9,1,0
50,2,752,1,33,0,1,0,0,0,0,.125,9,1,0
50,2,752,1,32,0,0,1,0,0,0,.125,9,1,0
50,2,752,2,32,0,0,0,1,0,0,.125,9,0,1
50,2,752,2,33,0,0,0,0,1,0,.125,9,0,1
50,2,752,2,42,0,0,0,0,0,1,.125,9,0,1
50,3,753,1,38,1,0,0,0,0,0,.25,9,1,0
50,3,753,1,39,0,1,0,0,0,0,.25,9,1,0
50,3,753,1,34,0,0,1,0,0,0,.25,9,1,0
50,3,753,2,30,0,0,0,1,0,0,.25,9,0,1
50,3,753,2,37,0,0,0,0,1,0,.25,9,0,1
50,3,753,2,34,0,0,0,0,0,1,.25,9,0,1
50,4,754,1,32,1,0,0,0,0,0,.375,9,1,0
50,4,754,1,31,0,1,0,0,0,0,.375,9,1,0
50,4,754,1,39,0,0,1,0,0,0,.375,9,1,0
50,4,754,2,24,0,0,0,1,0,0,.375,9,0,1
50,4,754,2,25,0,0,0,0,1,0,.375,9,0,1
50,4,754,2,30,0,0,0,0,0,1,.375,9,0,1
50,5,755,1,29,1,0,0,0,0,0,.5,9,1,0
50,5,755,1,26,0,1,0,0,0,0,.5,9,1,0
50,5,755,1,28,0,0,1,0,0,0,.5,9,1,0
50,5,755,2,32,0,0,0,1,0,0,.5,9,0,1
50,5,755,2,28,0,0,0,0,1,0,.5,9,0,1
50,5,755,2,33,0,0,0,0,0,1,.5,9,0,1
50,6,756,1,34,1,0,0,0,0,0,.625,9,1,0
50,6,756,1,36,0,1,0,0,0,0,.625,9,1,0
50,6,756,1,37,0,0,1,0,0,0,.625,9,1,0
50,6,756,2,31,0,0,0,1,0,0,.625,9,0,1
50,6,756,2,34,0,0,0,0,1,0,.625,9,0,1
50,6,756,2,34,0,0,0,0,0,1,.625,9,0,1
50,7,757,1,30,1,0,0,0,0,0,.75,9,1,0
50,7,757,1,31,0,1,0,0,0,0,.75,9,1,0
50,7,757,1,31,0,0,1,0,0,0,.75,9,1,0
50,7,757,2,34,0,0,0,1,0,0,.75,9,0,1
50,7,757,2,34,0,0,0,0,1,0,.75,9,0,1
50,7,757,2,35,0,0,0,0,0,1,.75,9,0,1
50,8,758,1,30,1,0,0,0,0,0,.875,9,1,0
50,8,758,1,31,0,1,0,0,0,0,.875,9,1,0
50,8,758,1,29,0,0,1,0,0,0,.875,9,1,0
50,8,758,2,33,0,0,0,1,0,0,.875,9,0,1
50,8,758,2,31,0,0,0,0,1,0,.875,9,0,1
50,8,758,2,34,0,0,0,0,0,1,.875,9,0,1
50,9,759,1,36,1,0,0,0,0,0,1,9,1,0
50,9,759,1,27,0,1,0,0,0,0,1,9,1,0
50,9,759,1,34,0,0,1,0,0,0,1,9,1,0
50,9,759,2,30,0,0,0,1,0,0,1,9,0,1
50,9,759,2,37,0,0,0,0,1,0,1,9,0,1
50,9,759,2,38,0,0,0,0,0,1,1,9,0,1
51,1,766,1,36,1,0,0,0,0,0,0,10,1,0
51,1,766,1,30,0,1,0,0,0,0,0,10,1,0
51,1,766,1,36,0,0,1,0,0,0,0,10,1,0
51,1,766,2,31,0,0,0,1,0,0,0,10,0,1
51,1,766,2,29,0,0,0,0,1,0,0,10,0,1
51,1,766,2,33,0,0,0,0,0,1,0,10,0,1
51,2,767,1,31,1,0,0,0,0,0,.111111111111111,10,1,0
51,2,767,1,34,0,1,0,0,0,0,.111111111111111,10,1,0
51,2,767,1,37,0,0,1,0,0,0,.111111111111111,10,1,0
51,2,767,2,32,0,0,0,1,0,0,.111111111111111,10,0,1
51,2,767,2,32,0,0,0,0,1,0,.111111111111111,10,0,1
51,2,767,2,34,0,0,0,0,0,1,.111111111111111,10,0,1
51,3,768,1,26,1,0,0,0,0,0,.222222222222222,10,1,0
51,3,768,1,31,0,1,0,0,0,0,.222222222222222,10,1,0
51,3,768,1,27,0,0,1,0,0,0,.222222222222222,10,1,0
51,3,768,2,32,0,0,0,1,0,0,.222222222222222,10,0,1
51,3,768,2,35,0,0,0,0,1,0,.222222222222222,10,0,1
51,3,768,2,36,0,0,0,0,0,1,.222222222222222,10,0,1
51,4,769,1,27,1,0,0,0,0,0,.333333333333333,10,1,0
51,4,769,1,30,0,1,0,0,0,0,.333333333333333,10,1,0
51,4,769,1,28,0,0,1,0,0,0,.333333333333333,10,1,0
51,4,769,2,28,0,0,0,1,0,0,.333333333333333,10,0,1
51,4,769,2,30,0,0,0,0,1,0,.333333333333333,10,0,1
51,4,769,2,30,0,0,0,0,0,1,.333333333333333,10,0,1
51,5,770,1,38,1,0,0,0,0,0,.444444444444444,10,1,0
51,5,770,1,31,0,1,0,0,0,0,.444444444444444,10,1,0
51,5,770,1,32,0,0,1,0,0,0,.444444444444444,10,1,0
51,5,770,2,32,0,0,0,1,0,0,.444444444444444,10,0,1
51,5,770,2,31,0,0,0,0,1,0,.444444444444444,10,0,1
51,5,770,2,31,0,0,0,0,0,1,.444444444444444,10,0,1
51,6,771,1,33,1,0,0,0,0,0,.555555555555556,10,1,0
51,6,771,1,35,0,1,0,0,0,0,.555555555555556,10,1,0
51,6,771,1,34,0,0,1,0,0,0,.555555555555556,10,1,0
51,6,771,2,32,0,0,0,1,0,0,.555555555555556,10,0,1
51,6,771,2,32,0,0,0,0,1,0,.555555555555556,10,0,1
51,6,771,2,35,0,0,0,0,0,1,.555555555555556,10,0,1
51,7,772,1,33,1,0,0,0,0,0,.666666666666667,10,1,0
51,7,772,1,32,0,1,0,0,0,0,.666666666666667,10,1,0
51,7,772,1,29,0,0,1,0,0,0,.666666666666667,10,1,0
51,7,772,2,29,0,0,0,1,0,0,.666666666666667,10,0,1
51,7,772,2,30,0,0,0,0,1,0,.666666666666667,10,0,1
51,7,772,2,31,0,0,0,0,0,1,.666666666666667,10,0,1
51,8,773,1,35,1,0,0,0,0,0,.777777777777778,10,1,0
51,8,773,1,30,0,1,0,0,0,0,.777777777777778,10,1,0
51,8,773,1,38,0,0,1,0,0,0,.777777777777778,10,1,0
51,8,773,2,41,0,0,0,1,0,0,.777777777777778,10,0,1
51,8,773,2,38,0,0,0,0,1,0,.777777777777778,10,0,1
51,8,773,2,36,0,0,0,0,0,1,.777777777777778,10,0,1
51,9,774,1,31,1,0,0,0,0,0,.888888888888889,10,1,0
51,9,774,1,29,0,1,0,0,0,0,.888888888888889,10,1,0
51,9,774,1,34,0,0,1,0,0,0,.888888888888889,10,1,0
51,9,774,2,31,0,0,0,1,0,0,.888888888888889,10,0,1
51,9,774,2,31,0,0,0,0,1,0,.888888888888889,10,0,1
51,9,774,2,36,0,0,0,0,0,1,.888888888888889,10,0,1
51,10,775,1,38,1,0,0,0,0,0,1,10,1,0
51,10,775,1,35,0,1,0,0,0,0,1,10,1,0
51,10,775,1,39,0,0,1,0,0,0,1,10,1,0
51,10,775,2,35,0,0,0,1,0,0,1,10,0,1
51,10,775,2,34,0,0,0,0,1,0,1,10,0,1
51,10,775,2,39,0,0,0,0,0,1,1,10,0,1
52,1,781,1,35,1,0,0,0,0,0,0,5,1,0
52,1,781,1,44,0,1,0,0,0,0,0,5,1,0
52,1,781,1,32,0,0,1,0,0,0,0,5,1,0
52,1,781,2,35,0,0,0,1,0,0,0,5,0,1
52,1,781,2,35,0,0,0,0,1,0,0,5,0,1
52,1,781,2,36,0,0,0,0,0,1,0,5,0,1
52,2,782,1,29,1,0,0,0,0,0,.25,5,1,0
52,2,782,1,32,0,1,0,0,0,0,.25,5,1,0
52,2,782,1,24,0,0,1,0,0,0,.25,5,1,0
52,2,782,2,29,0,0,0,1,0,0,.25,5,0,1
52,2,782,2,25,0,0,0,0,1,0,.25,5,0,1
52,2,782,2,27,0,0,0,0,0,1,.25,5,0,1
52,3,783,1,20,1,0,0,0,0,0,.5,5,1,0
52,3,783,1,23,0,1,0,0,0,0,.5,5,1,0
52,3,783,1,23,0,0,1,0,0,0,.5,5,1,0
52,3,783,2,31,0,0,0,1,0,0,.5,5,0,1
52,3,783,2,35,0,0,0,0,1,0,.5,5,0,1
52,3,783,2,31,0,0,0,0,0,1,.5,5,0,1
52,4,784,1,37,1,0,0,0,0,0,.75,5,1,0
52,4,784,1,33,0,1,0,0,0,0,.75,5,1,0
52,4,784,1,31,0,0,1,0,0,0,.75,5,1,0
52,4,784,2,29,0,0,0,1,0,0,.75,5,0,1
52,4,784,2,27,0,0,0,0,1,0,.75,5,0,1
52,4,784,2,26,0,0,0,0,0,1,.75,5,0,1
52,5,785,1,27,1,0,0,0,0,0,1,5,1,0
52,5,785,1,33,0,1,0,0,0,0,1,5,1,0
52,5,785,1,27,0,0,1,0,0,0,1,5,1,0
52,5,785,2,32,0,0,0,1,0,0,1,5,0,1
52,5,785,2,30,0,0,0,0,1,0,1,5,0,1
52,5,785,2,33,0,0,0,0,0,1,1,5,0,1
53,1,796,1,24,1,0,0,0,0,0,0,5,1,0
53,1,796,1,29,0,1,0,0,0,0,0,5,1,0
53,1,796,1,32,0,0,1,0,0,0,0,5,1,0
53,1,796,2,27,0,0,0,1,0,0,0,5,0,1
53,1,796,2,28,0,0,0,0,1,0,0,5,0,1
53,1,796,2,31,0,0,0,0,0,1,0,5,0,1
53,2,797,1,33,1,0,0,0,0,0,.25,5,1,0
53,2,797,1,36,0,1,0,0,0,0,.25,5,1,0
53,2,797,1,35,0,0,1,0,0,0,.25,5,1,0
53,2,797,2,27,0,0,0,1,0,0,.25,5,0,1
53,2,797,2,30,0,0,0,0,1,0,.25,5,0,1
53,2,797,2,31,0,0,0,0,0,1,.25,5,0,1
53,3,798,1,20,1,0,0,0,0,0,.5,5,1,0
53,3,798,1,20,0,1,0,0,0,0,.5,5,1,0
53,3,798,1,24,0,0,1,0,0,0,.5,5,1,0
53,3,798,2,21,0,0,0,1,0,0,.5,5,0,1
53,3,798,2,26,0,0,0,0,1,0,.5,5,0,1
53,3,798,2,25,0,0,0,0,0,1,.5,5,0,1
53,4,799,1,29,1,0,0,0,0,0,.75,5,1,0
53,4,799,1,29,0,1,0,0,0,0,.75,5,1,0
53,4,799,1,33,0,0,1,0,0,0,.75,5,1,0
53,4,799,2,34,0,0,0,1,0,0,.75,5,0,1
53,4,799,2,35,0,0,0,0,1,0,.75,5,0,1
53,4,799,2,38,0,0,0,0,0,1,.75,5,0,1
53,5,800,1,31,1,0,0,0,0,0,1,5,1,0
53,5,800,1,33,0,1,0,0,0,0,1,5,1,0
53,5,800,1,32,0,0,1,0,0,0,1,5,1,0
53,5,800,2,36,0,0,0,1,0,0,1,5,0,1
53,5,800,2,36,0,0,0,0,1,0,1,5,0,1
53,5,800,2,34,0,0,0,0,0,1,1,5,0,1
54,1,811,1,28,1,0,0,0,0,0,0,9,1,0
54,1,811,1,22,0,1,0,0,0,0,0,9,1,0
54,1,811,1,22,0,0,1,0,0,0,0,9,1,0
54,1,811,2,25,0,0,0,1,0,0,0,9,0,1
54,1,811,2,28,0,0,0,0,1,0,0,9,0,1
54,1,811,2,26,0,0,0,0,0,1,0,9,0,1
54,2,812,1,24,1,0,0,0,0,0,.125,9,1,0
54,2,812,1,19,0,1,0,0,0,0,.125,9,1,0
54,2,812,1,21,0,0,1,0,0,0,.125,9,1,0
54,2,812,2,23,0,0,0,1,0,0,.125,9,0,1
54,2,812,2,24,0,0,0,0,1,0,.125,9,0,1
54,2,812,2,26,0,0,0,0,0,1,.125,9,0,1
54,3,813,1,24,1,0,0,0,0,0,.25,9,1,0
54,3,813,1,24,0,1,0,0,0,0,.25,9,1,0
54,3,813,1,33,0,0,1,0,0,0,.25,9,1,0
54,3,813,2,27,0,0,0,1,0,0,.25,9,0,1
54,3,813,2,26,0,0,0,0,1,0,.25,9,0,1
54,3,813,2,27,0,0,0,0,0,1,.25,9,0,1
54,4,814,1,29,1,0,0,0,0,0,.375,9,1,0
54,4,814,1,25,0,1,0,0,0,0,.375,9,1,0
54,4,814,1,23,0,0,1,0,0,0,.375,9,1,0
54,4,814,2,30,0,0,0,1,0,0,.375,9,0,1
54,4,814,2,32,0,0,0,0,1,0,.375,9,0,1
54,4,814,2,26,0,0,0,0,0,1,.375,9,0,1
54,5,815,1,28,1,0,0,0,0,0,.5,9,1,0
54,5,815,1,24,0,1,0,0,0,0,.5,9,1,0
54,5,815,1,24,0,0,1,0,0,0,.5,9,1,0
54,5,815,2,23,0,0,0,1,0,0,.5,9,0,1
54,5,815,2,26,0,0,0,0,1,0,.5,9,0,1
54,5,815,2,30,0,0,0,0,0,1,.5,9,0,1
54,6,816,1,33,1,0,0,0,0,0,.625,9,1,0
54,6,816,1,24,0,1,0,0,0,0,.625,9,1,0
54,6,816,1,32,0,0,1,0,0,0,.625,9,1,0
54,6,816,2,30,0,0,0,1,0,0,.625,9,0,1
54,6,816,2,33,0,0,0,0,1,0,.625,9,0,1
54,6,816,2,29,0,0,0,0,0,1,.625,9,0,1
54,7,817,1,31,1,0,0,0,0,0,.75,9,1,0
54,7,817,1,28,0,1,0,0,0,0,.75,9,1,0
54,7,817,1,29,0,0,1,0,0,0,.75,9,1,0
54,7,817,2,18,0,0,0,1,0,0,.75,9,0,1
54,7,817,2,25,0,0,0,0,1,0,.75,9,0,1
54,7,817,2,22,0,0,0,0,0,1,.75,9,0,1
54,8,818,1,33,1,0,0,0,0,0,.875,9,1,0
54,8,818,1,24,0,1,0,0,0,0,.875,9,1,0
54,8,818,1,30,0,0,1,0,0,0,.875,9,1,0
54,8,818,2,19,0,0,0,1,0,0,.875,9,0,1
54,8,818,2,22,0,0,0,0,1,0,.875,9,0,1
54,8,818,2,19,0,0,0,0,0,1,.875,9,0,1
54,9,819,1,31,1,0,0,0,0,0,1,9,1,0
54,9,819,1,26,0,1,0,0,0,0,1,9,1,0
54,9,819,1,23,0,0,1,0,0,0,1,9,1,0
54,9,819,2,31,0,0,0,1,0,0,1,9,0,1
54,9,819,2,31,0,0,0,0,1,0,1,9,0,1
54,9,819,2,32,0,0,0,0,0,1,1,9,0,1
55,1,826,1,33,1,0,0,0,0,0,0,5,1,0
55,1,826,1,34,0,1,0,0,0,0,0,5,1,0
55,1,826,1,34,0,0,1,0,0,0,0,5,1,0
55,1,826,2,27,0,0,0,1,0,0,0,5,0,1
55,1,826,2,33,0,0,0,0,1,0,0,5,0,1
55,1,826,2,36,0,0,0,0,0,1,0,5,0,1
55,2,827,1,36,1,0,0,0,0,0,.25,5,1,0
55,2,827,1,38,0,1,0,0,0,0,.25,5,1,0
55,2,827,1,34,0,0,1,0,0,0,.25,5,1,0
55,2,827,2,30,0,0,0,1,0,0,.25,5,0,1
55,2,827,2,35,0,0,0,0,1,0,.25,5,0,1
55,2,827,2,38,0,0,0,0,0,1,.25,5,0,1
55,3,828,1,36,1,0,0,0,0,0,.5,5,1,0
55,3,828,1,36,0,1,0,0,0,0,.5,5,1,0
55,3,828,1,31,0,0,1,0,0,0,.5,5,1,0
55,3,828,2,33,0,0,0,1,0,0,.5,5,0,1
55,3,828,2,35,0,0,0,0,1,0,.5,5,0,1
55,3,828,2,36,0,0,0,0,0,1,.5,5,0,1
55,4,829,1,33,1,0,0,0,0,0,.75,5,1,0
55,4,829,1,34,0,1,0,0,0,0,.75,5,1,0
55,4,829,1,28,0,0,1,0,0,0,.75,5,1,0
55,4,829,2,36,0,0,0,1,0,0,.75,5,0,1
55,4,829,2,36,0,0,0,0,1,0,.75,5,0,1
55,4,829,2,37,0,0,0,0,0,1,.75,5,0,1
55,5,830,1,23,1,0,0,0,0,0,1,5,1,0
55,5,830,1,31,0,1,0,0,0,0,1,5,1,0
55,5,830,1,25,0,0,1,0,0,0,1,5,1,0
55,5,830,2,27,0,0,0,1,0,0,1,5,0,1
55,5,830,2,28,0,0,0,0,1,0,1,5,0,1
55,5,830,2,32,0,0,0,0,0,1,1,5,0,1
56,1,841,1,26,1,0,0,0,0,0,0,7,1,0
56,1,841,1,34,0,1,0,0,0,0,0,7,1,0
56,1,841,1,32,0,0,1,0,0,0,0,7,1,0
56,1,841,2,38,0,0,0,1,0,0,0,7,0,1
56,1,841,2,28,0,0,0,0,1,0,0,7,0,1
56,1,841,2,31,0,0,0,0,0,1,0,7,0,1
56,2,842,1,31,1,0,0,0,0,0,.166666666666667,7,1,0
56,2,842,1,32,0,1,0,0,0,0,.166666666666667,7,1,0
56,2,842,1,30,0,0,1,0,0,0,.166666666666667,7,1,0
56,2,842,2,29,0,0,0,1,0,0,.166666666666667,7,0,1
56,2,842,2,34,0,0,0,0,1,0,.166666666666667,7,0,1
56,2,842,2,31,0,0,0,0,0,1,.166666666666667,7,0,1
56,3,843,1,26,1,0,0,0,0,0,.333333333333333,7,1,0
56,3,843,1,35,0,1,0,0,0,0,.333333333333333,7,1,0
56,3,843,1,33,0,0,1,0,0,0,.333333333333333,7,1,0
56,3,843,2,32,0,0,0,1,0,0,.333333333333333,7,0,1
56,3,843,2,30,0,0,0,0,1,0,.333333333333333,7,0,1
56,3,843,2,26,0,0,0,0,0,1,.333333333333333,7,0,1
56,4,844,1,38,1,0,0,0,0,0,.5,7,1,0
56,4,844,1,36,0,1,0,0,0,0,.5,7,1,0
56,4,844,1,32,0,0,1,0,0,0,.5,7,1,0
56,4,844,2,26,0,0,0,1,0,0,.5,7,0,1
56,4,844,2,29,0,0,0,0,1,0,.5,7,0,1
56,4,844,2,30,0,0,0,0,0,1,.5,7,0,1
56,5,845,1,25,1,0,0,0,0,0,.666666666666667,7,1,0
56,5,845,1,25,0,1,0,0,0,0,.666666666666667,7,1,0
56,5,845,1,23,0,0,1,0,0,0,.666666666666667,7,1,0
56,5,845,2,31,0,0,0,1,0,0,.666666666666667,7,0,1
56,5,845,2,28,0,0,0,0,1,0,.666666666666667,7,0,1
56,5,845,2,25,0,0,0,0,0,1,.666666666666667,7,0,1
56,6,846,1,25,1,0,0,0,0,0,.833333333333333,7,1,0
56,6,846,1,32,0,1,0,0,0,0,.833333333333333,7,1,0
56,6,846,1,33,0,0,1,0,0,0,.833333333333333,7,1,0
56,6,846,2,27,0,0,0,1,0,0,.833333333333333,7,0,1
56,6,846,2,31,0,0,0,0,1,0,.833333333333333,7,0,1
56,6,846,2,33,0,0,0,0,0,1,.833333333333333,7,0,1
56,7,847,1,21,1,0,0,0,0,0,1,7,1,0
56,7,847,1,27,0,1,0,0,0,0,1,7,1,0
56,7,847,1,25,0,0,1,0,0,0,1,7,1,0
56,7,847,2,26,0,0,0,1,0,0,1,7,0,1
56,7,847,2,32,0,0,0,0,1,0,1,7,0,1
56,7,847,2,32,0,0,0,0,0,1,1,7,0,1
57,1,856,1,27,1,0,0,0,0,0,0,12,1,0
57,1,856,1,28,0,1,0,0,0,0,0,12,1,0
57,1,856,1,29,0,0,1,0,0,0,0,12,1,0
57,1,856,2,32,0,0,0,1,0,0,0,12,0,1
57,1,856,2,30,0,0,0,0,1,0,0,12,0,1
57,1,856,2,27,0,0,0,0,0,1,0,12,0,1
57,2,857,1,31,1,0,0,0,0,0,.0909090909090909,12,1,0
57,2,857,1,32,0,1,0,0,0,0,.0909090909090909,12,1,0
57,2,857,1,32,0,0,1,0,0,0,.0909090909090909,12,1,0
57,2,857,2,33,0,0,0,1,0,0,.0909090909090909,12,0,1
57,2,857,2,31,0,0,0,0,1,0,.0909090909090909,12,0,1
57,2,857,2,30,0,0,0,0,0,1,.0909090909090909,12,0,1
57,3,858,1,31,1,0,0,0,0,0,.181818181818182,12,1,0
57,3,858,1,27,0,1,0,0,0,0,.181818181818182,12,1,0
57,3,858,1,27,0,0,1,0,0,0,.181818181818182,12,1,0
57,3,858,2,34,0,0,0,1,0,0,.181818181818182,12,0,1
57,3,858,2,29,0,0,0,0,1,0,.181818181818182,12,0,1
57,3,858,2,32,0,0,0,0,0,1,.181818181818182,12,0,1
57,4,859,1,30,1,0,0,0,0,0,.272727272727273,12,1,0
57,4,859,1,28,0,1,0,0,0,0,.272727272727273,12,1,0
57,4,859,1,30,0,0,1,0,0,0,.272727272727273,12,1,0
57,4,859,2,39,0,0,0,1,0,0,.272727272727273,12,0,1
57,4,859,2,32,0,0,0,0,1,0,.272727272727273,12,0,1
57,4,859,2,34,0,0,0,0,0,1,.272727272727273,12,0,1
57,5,860,1,35,1,0,0,0,0,0,.363636363636364,12,1,0
57,5,860,1,30,0,1,0,0,0,0,.363636363636364,12,1,0
57,5,860,1,33,0,0,1,0,0,0,.363636363636364,12,1,0
57,5,860,2,27,0,0,0,1,0,0,.363636363636364,12,0,1
57,5,860,2,29,0,0,0,0,1,0,.363636363636364,12,0,1
57,5,860,2,30,0,0,0,0,0,1,.363636363636364,12,0,1
57,6,861,1,26,1,0,0,0,0,0,.454545454545455,12,1,0
57,6,861,1,26,0,1,0,0,0,0,.454545454545455,12,1,0
57,6,861,1,23,0,0,1,0,0,0,.454545454545455,12,1,0
57,6,861,2,31,0,0,0,1,0,0,.454545454545455,12,0,1
57,6,861,2,29,0,0,0,0,1,0,.454545454545455,12,0,1
57,6,861,2,29,0,0,0,0,0,1,.454545454545455,12,0,1
57,7,862,1,35,1,0,0,0,0,0,.545454545454545,12,1,0
57,7,862,1,34,0,1,0,0,0,0,.545454545454545,12,1,0
57,7,862,1,31,0,0,1,0,0,0,.545454545454545,12,1,0
57,7,862,2,31,0,0,0,1,0,0,.545454545454545,12,0,1
57,7,862,2,33,0,0,0,0,1,0,.545454545454545,12,0,1
57,7,862,2,33,0,0,0,0,0,1,.545454545454545,12,0,1
57,8,863,1,25,1,0,0,0,0,0,.636363636363636,12,1,0
57,8,863,1,25,0,1,0,0,0,0,.636363636363636,12,1,0
57,8,863,1,20,0,0,1,0,0,0,.636363636363636,12,1,0
57,8,863,2,24,0,0,0,1,0,0,.636363636363636,12,0,1
57,8,863,2,23,0,0,0,0,1,0,.636363636363636,12,0,1
57,8,863,2,23,0,0,0,0,0,1,.636363636363636,12,0,1
57,9,864,1,31,1,0,0,0,0,0,.727272727272727,12,1,0
57,9,864,1,27,0,1,0,0,0,0,.727272727272727,12,1,0
57,9,864,1,27,0,0,1,0,0,0,.727272727272727,12,1,0
57,9,864,2,32,0,0,0,1,0,0,.727272727272727,12,0,1
57,9,864,2,29,0,0,0,0,1,0,.727272727272727,12,0,1
57,9,864,2,25,0,0,0,0,0,1,.727272727272727,12,0,1
57,10,865,1,29,1,0,0,0,0,0,.818181818181818,12,1,0
57,10,865,1,27,0,1,0,0,0,0,.818181818181818,12,1,0
57,10,865,1,30,0,0,1,0,0,0,.818181818181818,12,1,0
57,10,865,2,29,0,0,0,1,0,0,.818181818181818,12,0,1
57,10,865,2,25,0,0,0,0,1,0,.818181818181818,12,0,1
57,10,865,2,30,0,0,0,0,0,1,.818181818181818,12,0,1
57,11,866,1,31,1,0,0,0,0,0,.909090909090909,12,1,0
57,11,866,1,29,0,1,0,0,0,0,.909090909090909,12,1,0
57,11,866,1,25,0,0,1,0,0,0,.909090909090909,12,1,0
57,11,866,2,31,0,0,0,1,0,0,.909090909090909,12,0,1
57,11,866,2,35,0,0,0,0,1,0,.909090909090909,12,0,1
57,11,866,2,32,0,0,0,0,0,1,.909090909090909,12,0,1
57,12,867,1,23,1,0,0,0,0,0,1,12,1,0
57,12,867,1,19,0,1,0,0,0,0,1,12,1,0
57,12,867,1,20,0,0,1,0,0,0,1,12,1,0
57,12,867,2,26,0,0,0,1,0,0,1,12,0,1
57,12,867,2,26,0,0,0,0,1,0,1,12,0,1
57,12,867,2,23,0,0,0,0,0,1,1,12,0,1
58,1,871,1,31,1,0,0,0,0,0,0,6,1,0
58,1,871,1,35,0,1,0,0,0,0,0,6,1,0
58,1,871,1,33,0,0,1,0,0,0,0,6,1,0
58,1,871,2,32,0,0,0,1,0,0,0,6,0,1
58,1,871,2,34,0,0,0,0,1,0,0,6,0,1
58,1,871,2,31,0,0,0,0,0,1,0,6,0,1
58,2,872,1,38,1,0,0,0,0,0,.2,6,1,0
58,2,872,1,34,0,1,0,0,0,0,.2,6,1,0
58,2,872,1,31,0,0,1,0,0,0,.2,6,1,0
58,2,872,2,36,0,0,0,1,0,0,.2,6,0,1
58,2,872,2,33,0,0,0,0,1,0,.2,6,0,1
58,2,872,2,36,0,0,0,0,0,1,.2,6,0,1
58,3,873,1,35,1,0,0,0,0,0,.4,6,1,0
58,3,873,1,33,0,1,0,0,0,0,.4,6,1,0
58,3,873,1,33,0,0,1,0,0,0,.4,6,1,0
58,3,873,2,36,0,0,0,1,0,0,.4,6,0,1
58,3,873,2,38,0,0,0,0,1,0,.4,6,0,1
58,3,873,2,32,0,0,0,0,0,1,.4,6,0,1
58,4,874,1,33,1,0,0,0,0,0,.6,6,1,0
58,4,874,1,35,0,1,0,0,0,0,.6,6,1,0
58,4,874,1,34,0,0,1,0,0,0,.6,6,1,0
58,4,874,2,31,0,0,0,1,0,0,.6,6,0,1
58,4,874,2,27,0,0,0,0,1,0,.6,6,0,1
58,4,874,2,25,0,0,0,0,0,1,.6,6,0,1
58,5,875,1,34,1,0,0,0,0,0,.8,6,1,0
58,5,875,1,36,0,1,0,0,0,0,.8,6,1,0
58,5,875,1,33,0,0,1,0,0,0,.8,6,1,0
58,5,875,2,27,0,0,0,1,0,0,.8,6,0,1
58,5,875,2,27,0,0,0,0,1,0,.8,6,0,1
58,5,875,2,28,0,0,0,0,0,1,.8,6,0,1
58,6,876,1,32,1,0,0,0,0,0,1,6,1,0
58,6,876,1,35,0,1,0,0,0,0,1,6,1,0
58,6,876,1,35,0,0,1,0,0,0,1,6,1,0
58,6,876,2,36,0,0,0,1,0,0,1,6,0,1
58,6,876,2,31,0,0,0,0,1,0,1,6,0,1
58,6,876,2,27,0,0,0,0,0,1,1,6,0,1
59,1,886,1,25,1,0,0,0,0,0,0,11,1,0
59,1,886,1,29,0,1,0,0,0,0,0,11,1,0
59,1,886,1,31,0,0,1,0,0,0,0,11,1,0
59,1,886,2,29,0,0,0,1,0,0,0,11,0,1
59,1,886,2,30,0,0,0,0,1,0,0,11,0,1
59,1,886,2,32,0,0,0,0,0,1,0,11,0,1
59,2,887,1,32,1,0,0,0,0,0,.1,11,1,0
59,2,887,1,34,0,1,0,0,0,0,.1,11,1,0
59,2,887,1,40,0,0,1,0,0,0,.1,11,1,0
59,2,887,2,34,0,0,0,1,0,0,.1,11,0,1
59,2,887,2,34,0,0,0,0,1,0,.1,11,0,1
59,2,887,2,37,0,0,0,0,0,1,.1,11,0,1
59,3,888,1,29,1,0,0,0,0,0,.2,11,1,0
59,3,888,1,29,0,1,0,0,0,0,.2,11,1,0
59,3,888,1,30,0,0,1,0,0,0,.2,11,1,0
59,3,888,2,32,0,0,0,1,0,0,.2,11,0,1
59,3,888,2,30,0,0,0,0,1,0,.2,11,0,1
59,3,888,2,33,0,0,0,0,0,1,.2,11,0,1
59,4,889,1,30,1,0,0,0,0,0,.3,11,1,0
59,4,889,1,30,0,1,0,0,0,0,.3,11,1,0
59,4,889,1,29,0,0,1,0,0,0,.3,11,1,0
59,4,889,2,38,0,0,0,1,0,0,.3,11,0,1
59,4,889,2,36,0,0,0,0,1,0,.3,11,0,1
59,4,889,2,34,0,0,0,0,0,1,.3,11,0,1
59,5,890,1,26,1,0,0,0,0,0,.4,11,1,0
59,5,890,1,31,0,1,0,0,0,0,.4,11,1,0
59,5,890,1,27,0,0,1,0,0,0,.4,11,1,0
59,5,890,2,33,0,0,0,1,0,0,.4,11,0,1
59,5,890,2,30,0,0,0,0,1,0,.4,11,0,1
59,5,890,2,28,0,0,0,0,0,1,.4,11,0,1
59,6,891,1,31,1,0,0,0,0,0,.5,11,1,0
59,6,891,1,33,0,1,0,0,0,0,.5,11,1,0
59,6,891,1,27,0,0,1,0,0,0,.5,11,1,0
59,6,891,2,31,0,0,0,1,0,0,.5,11,0,1
59,6,891,2,28,0,0,0,0,1,0,.5,11,0,1
59,6,891,2,30,0,0,0,0,0,1,.5,11,0,1
59,7,892,1,27,1,0,0,0,0,0,.6,11,1,0
59,7,892,1,33,0,1,0,0,0,0,.6,11,1,0
59,7,892,1,31,0,0,1,0,0,0,.6,11,1,0
59,7,892,2,36,0,0,0,1,0,0,.6,11,0,1
59,7,892,2,35,0,0,0,0,1,0,.6,11,0,1
59,7,892,2,31,0,0,0,0,0,1,.6,11,0,1
59,8,893,1,28,1,0,0,0,0,0,.7,11,1,0
59,8,893,1,28,0,1,0,0,0,0,.7,11,1,0
59,8,893,1,30,0,0,1,0,0,0,.7,11,1,0
59,8,893,2,34,0,0,0,1,0,0,.7,11,0,1
59,8,893,2,33,0,0,0,0,1,0,.7,11,0,1
59,8,893,2,32,0,0,0,0,0,1,.7,11,0,1
59,9,894,1,25,1,0,0,0,0,0,.8,11,1,0
59,9,894,1,26,0,1,0,0,0,0,.8,11,1,0
59,9,894,1,27,0,0,1,0,0,0,.8,11,1,0
59,9,894,2,30,0,0,0,1,0,0,.8,11,0,1
59,9,894,2,24,0,0,0,0,1,0,.8,11,0,1
59,9,894,2,30,0,0,0,0,0,1,.8,11,0,1
59,10,895,1,31,1,0,0,0,0,0,.9,11,1,0
59,10,895,1,35,0,1,0,0,0,0,.9,11,1,0
59,10,895,1,38,0,0,1,0,0,0,.9,11,1,0
59,10,895,2,41,0,0,0,1,0,0,.9,11,0,1
59,10,895,2,36,0,0,0,0,1,0,.9,11,0,1
59,10,895,2,37,0,0,0,0,0,1,.9,11,0,1
59,11,896,1,28,1,0,0,0,0,0,1,11,1,0
59,11,896,1,29,0,1,0,0,0,0,1,11,1,0
59,11,896,1,28,0,0,1,0,0,0,1,11,1,0
59,11,896,2,36,0,0,0,1,0,0,1,11,0,1
59,11,896,2,31,0,0,0,0,1,0,1,11,0,1
59,11,896,2,31,0,0,0,0,0,1,1,11,0,1
60,1,901,1,32,1,0,0,0,0,0,0,9,1,0
60,1,901,1,31,0,1,0,0,0,0,0,9,1,0
60,1,901,1,30,0,0,1,0,0,0,0,9,1,0
60,1,901,2,22,0,0,0,1,0,0,0,9,0,1
60,1,901,2,28,0,0,0,0,1,0,0,9,0,1
60,1,901,2,28,0,0,0,0,0,1,0,9,0,1
60,2,902,1,31,1,0,0,0,0,0,.125,9,1,0
60,2,902,1,28,0,1,0,0,0,0,.125,9,1,0
60,2,902,1,35,0,0,1,0,0,0,.125,9,1,0
60,2,902,2,20,0,0,0,1,0,0,.125,9,0,1
60,2,902,2,24,0,0,0,0,1,0,.125,9,0,1
60,2,902,2,26,0,0,0,0,0,1,.125,9,0,1
60,3,903,1,30,1,0,0,0,0,0,.25,9,1,0
60,3,903,1,32,0,1,0,0,0,0,.25,9,1,0
60,3,903,1,33,0,0,1,0,0,0,.25,9,1,0
60,3,903,2,37,0,0,0,1,0,0,.25,9,0,1
60,3,903,2,37,0,0,0,0,1,0,.25,9,0,1
60,3,903,2,38,0,0,0,0,0,1,.25,9,0,1
60,4,904,1,32,1,0,0,0,0,0,.375,9,1,0
60,4,904,1,34,0,1,0,0,0,0,.375,9,1,0
60,4,904,1,31,0,0,1,0,0,0,.375,9,1,0
60,4,904,2,30,0,0,0,1,0,0,.375,9,0,1
60,4,904,2,31,0,0,0,0,1,0,.375,9,0,1
60,4,904,2,33,0,0,0,0,0,1,.375,9,0,1
60,5,905,1,31,1,0,0,0,0,0,.5,9,1,0
60,5,905,1,30,0,1,0,0,0,0,.5,9,1,0
60,5,905,1,33,0,0,1,0,0,0,.5,9,1,0
60,5,905,2,26,0,0,0,1,0,0,.5,9,0,1
60,5,905,2,32,0,0,0,0,1,0,.5,9,0,1
60,5,905,2,28,0,0,0,0,0,1,.5,9,0,1
60,6,906,1,30,1,0,0,0,0,0,.625,9,1,0
60,6,906,1,32,0,1,0,0,0,0,.625,9,1,0
60,6,906,1,28,0,0,1,0,0,0,.625,9,1,0
60,6,906,2,28,0,0,0,1,0,0,.625,9,0,1
60,6,906,2,27,0,0,0,0,1,0,.625,9,0,1
60,6,906,2,29,0,0,0,0,0,1,.625,9,0,1
60,7,907,1,31,1,0,0,0,0,0,.75,9,1,0
60,7,907,1,30,0,1,0,0,0,0,.75,9,1,0
60,7,907,1,28,0,0,1,0,0,0,.75,9,1,0
60,7,907,2,24,0,0,0,1,0,0,.75,9,0,1
60,7,907,2,21,0,0,0,0,1,0,.75,9,0,1
60,7,907,2,29,0,0,0,0,0,1,.75,9,0,1
60,8,908,1,25,1,0,0,0,0,0,.875,9,1,0
60,8,908,1,22,0,1,0,0,0,0,.875,9,1,0
60,8,908,1,31,0,0,1,0,0,0,.875,9,1,0
60,8,908,2,20,0,0,0,1,0,0,.875,9,0,1
60,8,908,2,22,0,0,0,0,1,0,.875,9,0,1
60,8,908,2,22,0,0,0,0,0,1,.875,9,0,1
60,9,909,1,28,1,0,0,0,0,0,1,9,1,0
60,9,909,1,28,0,1,0,0,0,0,1,9,1,0
60,9,909,1,30,0,0,1,0,0,0,1,9,1,0
60,9,909,2,34,0,0,0,1,0,0,1,9,0,1
60,9,909,2,34,0,0,0,0,1,0,1,9,0,1
60,9,909,2,39,0,0,0,0,0,1,1,9,0,1
