v1,v2,v3,v4,v5,v6,v7,v8,v9,v10,v11,v12
2.029879443,0.700937899,0.922498334,0.778365044,0.716933985,0.649042462,0.179759406,0.521331792,1.303092616,1.369061605,1.551212575,0.754618603
1.846011007,0.817654015,1.623049657,0.559510882,-1.433668016,0.008714271,-0.251745815,0.000110179,0.954539734,-0.959288016,1.488390513,-0.373397136
-0.551445595,0.115519372,-0.245195857,1.220636191,-0.550415422,-0.776083508,0.813165813,-0.802679845,-1.525904208,-1.203838438,-0.781277454,-1.119299627
-1.380410462,0.219318091,0.519552137,0.353065742,1.721879248,1.076026142,0.7711456,-0.381686114,-0.523181783,0.120352522,-0.395827825,1.735393283
0.438447713,1.51775774,0.469287498,1.407403231,0.791458158,1.541237112,0.404248366,0.825899485,1.259803873,2.601301229,0.977228779,3.041919968
-0.598426707,-0.875780978,-0.988919586,-1.483615137,-0.515772843,-0.441559349,-1.004926048,-2.612748945,-0.193697956,-0.19567731,-0.248658222,-0.813756742
0.041670658,0.944345285,0.874015818,0.203581719,2.411222618,0.989895894,0.46806231,-0.299130726,0.897244712,0.255685111,-1.355356928,0.464461662
1.891685231,0.929332937,0.371889236,2.656492613,0.879077657,1.354704741,1.547532124,0.383196534,-0.563745409,-0.780491309,-0.253569726,-0.711252067
-0.507488206,0.313518257,-0.464779805,0.147674293,-0.978744868,-0.39160834,-0.367536254,0.059549004,-1.23341629,-0.247022813,-0.096518915,-0.785826454
-0.913191946,-0.442793167,-0.836604116,-0.601913649,-0.554661719,2.218145345,-0.033194111,-0.191714087,0.112862838,-0.334548445,-0.660410431,0.474148209
-1.101972588,-0.453665738,0.232729289,0.299668002,-0.811343689,-1.638508931,-0.948864617,-0.760965334,-1.261353236,-0.736086425,-1.985036024,-1.368029847
-0.515516117,-0.319066086,1.24258579,-1.073365691,-0.933149664,-0.670592166,-1.942715315,-1.022694453,-0.389873836,-1.035439411,-0.593391865,-0.937892564
-1.66627374,-0.947819163,-0.866482486,-0.555540896,0.949742885,-0.44852573,1.474901186,1.135640998,0.415937599,-0.0482326,-0.311816076,-0.932060613
-0.020639185,0.172669237,-0.727418664,-1.044088145,0.688624676,0.498880201,0.437375859,0.913746178,1.434681334,1.546716584,0.6502683,1.377490434
-2.289014812,-0.936536688,-0.167182568,-1.196213724,0.217351872,0.533426308,0.200878372,0.041924734,-0.372471966,0.468695367,-0.7796269,-1.529696818
1.166003421,1.830087553,0.828278994,1.954177377,2.184051531,0.574913828,0.207949202,-1.097717165,0.533160839,0.489734585,0.811996309,0.473821414
0.11172897,-0.081426048,-1.013356789,0.306794104,0.267435723,0.097876945,0.460387751,-1.389462359,-0.854663392,-0.376434791,0.1432683,-0.434941756
2.154642607,1.059960335,1.072911771,1.184473131,2.48093274,1.811447437,0.559521738,1.150348026,1.113177101,1.879435212,2.21179505,1.547973264
-1.171681199,-1.273989898,0.40517448,-1.593228017,-0.41703667,-0.394791534,-1.010503627,-1.699567117,-0.727297449,0.786970751,0.128539424,0.559137787
1.697397361,2.54635104,1.529218471,3.002395515,-0.096328732,2.340708856,1.404783275,0.920598323,-0.471717336,0.190421582,0.276013151,1.485798132
-0.380133507,0.224071227,-0.116130175,0.35208942,0.182321402,0.424982951,-0.799839479,-0.610240855,-0.289495003,0.451702856,-1.248498619,-0.776978471
-0.749364558,0.173338609,-1.389679379,-0.90237407,-2.191877939,-1.571209131,-1.043449241,-1.941226937,-0.191737717,-0.609038298,-1.172091836,-1.479640118
-0.684972848,0.328398447,-1.682009746,-2.196720284,-0.655464595,-1.402540967,0.460071886,-0.620162155,-1.147852498,-1.174045102,-2.17804852,-1.930492071
-1.049728062,-0.251257863,-0.234511786,0.139983477,-0.388001901,-0.031341662,0.322252457,-0.769380404,-0.235965625,-0.146560549,-1.920495639,-0.133224386
-0.101017743,0.184573916,0.079110634,-0.641786125,-0.789659615,-0.812330513,-0.870527529,-0.844551241,-1.257808625,-0.48128517,0.043505027,-1.292641479
-0.273721954,0.155204336,0.098387976,-1.200769786,0.501208546,-0.010613271,-0.665672808,-1.304758813,-1.050792055,-2.048441381,-1.048866884,-0.713716584
-1.959895133,0.031556576,-1.783004682,-2.176148708,0.131556474,0.555087404,1.765696991,-1.000572536,-0.825977044,-0.019541996,0.692176464,0.935270282
0.308151911,0.659597699,-0.091055148,1.174759931,-0.902543527,0.465981782,0.65598045,0.853625168,2.076944199,2.524248081,2.173309581,2.261912162
0.164847082,0.096591818,0.596804509,-0.150947523,-1.534954958,1.182362562,-0.426186969,0.280649189,1.040295549,1.636924931,1.130206963,-0.480479524
0.765439066,-0.230578207,-0.218266441,-1.522918534,1.577376858,-0.129289002,0.540772308,1.010131073,1.209336166,1.523194689,1.816558679,-1.045824719
-0.79357317,-0.534808605,0.183809431,0.56596375,1.202556781,0.173721184,-0.568520189,-0.479364459,-0.015014165,-0.368907938,-1.271409046,-0.164470161
-1.117298219,-0.176192525,-1.03958401,0.033510046,-1.106047748,-1.581037931,-0.537729252,-1.572314055,-1.024996432,-0.107210835,0.07758055,-0.139379927
-0.836114746,-0.490906334,-0.465743623,0.317742856,-2.049292482,0.279978084,-0.371608726,-0.385484211,-1.359939452,-0.485226836,-0.091539603,-0.933576051
0.372580549,0.974172446,0.561881068,1.067904223,0.193300455,0.132898515,0.676540903,0.401939113,0.577121199,-0.546763127,0.074822758,1.025448956
2.150821152,1.202504271,1.643691199,1.351039081,0.555747625,0.259184824,2.080710627,1.783689913,-0.114133254,1.125424699,0.718347611,-0.445786035
0.462312783,1.329327491,2.093690171,0.862579061,0.582158472,1.034679243,-0.171396206,1.191839584,0.597344317,0.094997531,0.343738744,2.262560777
2.183985541,2.529687005,1.691494679,2.207991501,0.690441573,1.071466689,0.500003868,1.292993658,-0.022321894,0.28436383,-1.163068249,-2.20724235
-0.387375826,1.071410393,1.274890074,0.559359848,0.043794956,0.398625357,-0.466460487,0.59854278,-0.511689798,-0.780010236,-1.065510962,-1.290103398
0.513424502,1.013869803,0.645964525,1.415372568,0.336324565,-0.028042784,-1.936926743,-0.835225417,0.948441656,-0.015110165,0.660269817,0.724108077
0.384027671,-0.786282405,-1.109297416,-0.012031038,-0.054559908,0.085093552,0.583849167,1.201944464,0.495918432,0.007471189,-0.90325203,0.667276733
-0.425072789,-0.486900897,0.381908508,-0.796468806,-0.62114811,-0.511318288,-0.17656197,-0.517131798,0.216421131,0.481650416,-0.506715817,-1.166029887
0.497695201,0.870987066,-0.342901926,-0.143111074,1.235375031,-0.176804174,-0.765862118,0.654052972,1.212773773,1.226632425,1.392573752,1.108465357
0.562639481,-0.77836807,1.430967414,-0.190886264,0.495975837,0.566555867,-0.111706143,-0.232228599,-1.698336519,0.0720887,-0.230365565,0.937022076
0.199368941,-0.029594943,1.217240419,-0.242362812,0.601584465,1.608430387,0.336457002,1.620700161,-0.505505398,0.843260104,1.237353917,0.461516112
-0.451290863,0.161202751,0.412920725,0.126567895,0.140784867,-0.666619098,-0.441302919,-0.025524539,0.667651693,-0.347839284,1.324209709,0.560121916
0.830348296,0.418425229,1.70477895,1.367401281,-0.251491345,1.939636605,2.016008259,1.538056032,-0.758811971,-1.0446116,0.902445409,-0.358739145
-0.43047334,-0.37188772,0.17371563,-0.901501453,-0.525913466,-1.01789929,-1.326071503,-2.057873832,0.703212239,-0.879009521,0.728477704,1.234592443
-0.863834431,1.147335299,0.431190276,0.475247359,2.187057789,0.597209987,0.003973405,0.166130087,1.686613207,-0.594509715,0.205021923,-0.140984219
-0.288933708,1.580362751,-0.39463516,-0.935956057,-1.020509735,0.076611362,-1.80885957,-0.759393503,-1.301720086,-0.01193655,-0.50533365,-0.153029537
0.133594876,-0.754874726,1.829896884,-0.01677999,0.441584791,0.964795555,-0.064604688,1.800271471,0.004637848,-0.848807146,0.593610047,-0.590538454
-1.655722921,0.221103327,-1.254450703,0.316473488,-0.202961361,-0.651360787,-1.075415134,-2.107382348,-1.23502195,-2.032787787,-0.916106497,-0.713489245
-1.732355565,-2.447440888,-1.857962043,-3.092357033,-0.390220477,-0.404502615,-0.059830802,0.176938436,-1.67462665,-2.661029082,-1.27717874,-2.054801388
0.692305112,-0.896886905,-0.544485009,0.574669228,-0.231331242,0.525711168,-0.756193966,0.500468287,0.875977004,-0.310295672,-0.079066062,0.174815854
0.392526947,0.944487128,1.144007056,-0.906878095,-0.412521841,-0.444656952,0.010306563,0.367927278,-1.005631086,-0.952145537,-1.36932844,-1.81136109
0.815694191,1.438412049,2.403014243,0.47874603,1.469056659,0.618317681,1.115328863,-0.773300781,0.720254229,0.745062433,0.677834583,0.722770639
-0.499905389,-0.677646005,0.765210698,0.209238872,-1.998877931,-0.501428393,0.246298864,-0.125474525,1.138393055,0.209592508,0.58533231,-0.149306391
2.18253912,0.479696206,0.127011302,1.874993206,0.230798596,-0.071496831,0.709130456,1.371015019,-0.325686272,1.080487237,1.253067205,0.94431344
0.586117077,-1.183995287,-0.755676855,-0.113959135,-0.901473944,-1.698748287,-0.844235969,-0.562957083,-1.247683502,0.228374167,0.156406965,-0.194205616
-1.481330618,-1.181756316,-1.213065074,-1.229921434,0.380943675,-0.074846622,-0.179855375,0.725921897,0.556690259,0.349320402,0.174905069,0.676219185
0.151502105,0.611289896,2.000393844,1.651288264,0.895796975,-0.664236782,-0.351022781,-0.034669616,1.194445156,-0.823553976,-0.430231421,-0.86641124
0.169522764,0.812389541,0.347977668,-0.277686594,-0.163987096,1.355461601,1.861277666,0.903538046,-0.998794922,-0.416336581,0.611476139,-0.528336242
0.393139134,-0.255574054,-1.177086343,-1.974850206,-0.000603587,0.152864507,0.538155062,1.254591265,1.098617171,1.197239016,0.249216883,0.215477673
-0.312140424,-1.036927646,-0.20269365,-1.167486704,0.014861056,0.181350417,-0.592916112,0.61895961,0.095939283,-0.100651181,0.287533966,1.301780059
1.591951494,1.850171775,1.24257111,3.005276607,1.154045951,0.267901198,1.235847504,0.590983928,-0.275901788,-0.009372843,-0.223762972,0.006108866
-0.846873055,-0.791957465,-0.397258733,-0.370220471,-0.25417806,-1.695806069,-0.618318937,-0.146014594,0.767246448,-0.571738187,0.070972013,0.756121528
0.328342998,0.269896124,0.90927708,-1.286187293,-0.568671791,0.043575361,0.694479498,-0.069429174,-0.476808832,-0.568467419,-0.828010343,0.014060382
0.339891644,-0.767426535,-1.176155775,-0.306136871,-0.958943691,0.07882475,-0.523323745,-0.221542809,0.748762822,0.698879566,0.39012044,-0.512824889
1.697547821,0.523020001,0.749626423,0.990444732,-0.998179657,-0.7288097,-0.072767164,0.794096351,-0.185241132,-0.419044155,-0.756204194,-0.947992197
-0.894289287,-0.237124849,0.110945127,0.008515981,-1.110700457,-0.839870915,-2.80398244,-0.875233726,-0.464357922,-0.791387278,-1.444551269,-0.248496622
-0.463775788,0.049847954,-0.99507864,0.664161881,0.050760786,0.293599206,0.810447311,0.457631427,-1.487636505,-1.017441257,-1.89633908,-0.471073846
0.418180935,0.093822457,0.407361722,-0.334237743,0.261910256,1.289480604,1.50539157,-0.229933551,0.137975641,1.00728334,0.966297945,-0.862836803
-0.784790755,1.754761324,-1.205911507,-0.014855666,0.776294706,-0.35508586,-0.128336055,-0.368062713,0.716159248,-0.071022732,-0.116020933,-0.429388951
-1.360574764,-1.533891177,-0.500484878,-2.187127994,-0.97669692,-0.287068009,-0.637197518,-0.13990796,-0.98219946,-0.503766858,-1.268448497,-0.955486198
-1.093088375,0.969431025,0.36519736,1.125657157,0.583670876,1.672591792,0.712669266,2.007830914,1.968565225,0.462502651,1.548525267,0.366119525
-0.188020815,0.15755044,-1.102520186,-2.290699396,-0.741640434,0.303248496,-0.459362158,-1.019039527,0.646013743,1.056204621,-0.2574952,1.587435049
-0.293301213,-0.915323475,-0.425655244,-0.368142924,-0.699314883,-0.447282778,0.009061403,-0.308066934,0.741406702,2.739830544,1.506229145,0.429966676
0.374727624,-0.877697795,-0.461997721,1.281045768,-0.11485994,-0.376007214,-0.420767629,-1.2944886,-1.087501955,0.592942992,-0.283881272,0.422688264
-1.47416754,-1.139812723,-1.263679771,-0.984263401,-1.212923551,-1.055119688,-0.938259955,-1.9021721,-1.028025145,-0.927888438,-0.370144432,-1.872648895
1.263453577,2.145697365,0.803103657,1.626212244,-0.027126864,0.47628505,0.563211352,0.867503609,1.411822492,1.292330143,0.390683594,-0.539310569
0.612178211,0.68409823,0.280555706,0.666278361,0.560269287,-0.105999678,-0.163817007,-1.12681257,0.851598791,0.728498346,1.357085423,0.705265135
0.830471992,0.569265966,-0.782744544,0.423404401,-0.631922447,-0.148822308,0.720135715,-0.378661472,-1.025745551,-1.711551163,-1.319890175,-0.985476003
0.594367681,0.301622865,-0.376795091,-0.210594285,-0.15995956,-0.916702683,-1.132580706,-1.477870533,-1.409600389,-0.857730497,-1.059094433,-1.14489549
-0.360320857,-0.994626523,-0.443051261,0.990727823,0.10720275,-0.55132424,0.45315172,-0.731218079,-0.204584922,0.706764855,-0.028283461,-0.090807614
0.999440479,-0.142568096,0.056578948,1.296137407,-0.157549656,-0.410124412,-0.426957629,-1.506679582,-2.152200184,-1.072365491,0.596862716,-1.555232904
-2.363745266,-0.120904754,0.026131132,-0.594831923,-1.113653022,-0.733186191,0.002572819,0.355650475,-0.919055985,-0.49487312,-0.430974067,-1.237349411
0.276593052,-1.631535308,-0.437403553,0.617855487,-0.850789546,-0.725727691,-0.842199773,0.29589349,1.158655279,0.371051526,0.02029279,0.103116061
1.874250028,2.579047415,1.356048454,-0.003863382,0.692759473,1.085358805,0.288905991,1.045757961,-1.295119498,-1.349870719,-1.727262764,-2.119184665
-0.363213969,1.246750295,0.692554488,1.819311225,-0.261951262,0.56803585,0.378599751,-0.585383144,0.026901943,0.402392223,0.478269672,0.186681327
0.24493211,-0.125245914,0.77150156,0.141888237,0.165218297,-0.990444715,0.952243495,-0.430400913,0.194956387,0.384057885,-0.392093576,-0.562520997
-0.255375587,-2.275660082,0.568736561,0.842659942,-0.086059022,-1.617914959,-0.2897652,-0.829344583,-0.95767237,-2.010568385,-1.829442318,-0.673385856
-1.061656348,-1.127611513,-1.802747377,-0.544692823,-0.97684977,-1.595427247,-0.356819254,-1.170253106,-0.036615672,-0.887983527,0.204939755,0.822417254
2.008314733,1.500188353,0.354609729,0.810786777,0.798109867,0.619064296,1.740605804,1.441721613,1.083830264,0.697573332,0.585707886,1.427489445
-0.331281447,0.438209241,0.511275953,-1.427832308,0.588717162,0.62878567,0.633476835,1.345159542,0.915645467,1.102724471,1.049134202,-1.156274249
0.039792395,-1.393722715,-0.681253079,-1.196873935,0.256171686,-0.150572294,0.20245309,0.062357553,-1.102135911,0.193477659,0.045346624,-0.627462721
-0.601806019,0.276067893,-2.105203217,-0.115722351,-0.33493033,0.016068635,-0.437265177,-0.125173886,-0.717594877,-0.763183791,-0.853913604,-0.771811544
0.719859461,1.178386541,1.814845368,2.433712678,1.530119434,-0.017399514,0.211871101,1.036275261,0.811155378,-0.267870457,0.276463384,1.225871118
-0.95163728,0.650141369,0.239032766,0.078459702,0.830748917,-0.000529472,-0.340472292,0.509163075,0.403295731,-0.258358382,-0.959289298,0.293892584
-1.224022472,-1.482046194,0.197937987,-0.270292786,2.318192638,-0.331399247,0.754480233,1.033217695,-0.216233303,0.35481754,-0.351375053,-1.825952735
-0.802403223,-0.902278164,0.458390051,-0.692340897,1.003679848,0.513010726,1.102759654,-0.172406052,0.813098303,1.776966154,0.073796251,-0.161258656
0.321254973,0.699937695,1.967741708,-1.199231505,0.389003316,-0.11321533,-0.329620267,0.154731335,0.625225049,-0.707961616,0.086900887,0.604304171
1.446998983,1.010293974,1.368865043,0.811784271,0.342347756,1.742736317,0.451002831,0.246731105,0.85903157,2.601195798,0.515900928,1.448359418
1.089163171,0.430493961,-0.398086831,-1.517200432,-1.099285521,0.164111556,0.411504421,-0.052046543,1.322548894,0.594681342,0.779823612,0.825307699
-0.647263713,-1.300378203,-0.064913352,-0.678388227,-1.523159726,-0.208692263,-0.103663401,-1.30859583,1.361952523,0.704214284,0.264509821,0.633061013
-0.088015534,-1.55335978,-1.336323664,-0.945782063,-1.971085851,-2.326858025,-0.130740486,-1.439366307,-1.280314076,-0.46861286,-0.759009723,0.114138236
0.911051965,-0.132385759,0.428635681,0.920762988,1.55176305,1.910281974,0.740713845,1.350582048,0.609328544,0.48951035,0.787379921,-0.106012207
-0.506012189,0.159258504,-0.158755693,1.429874278,1.424105766,-0.113979479,-0.52995287,1.467531137,0.137517416,0.21448529,1.20971706,-1.253774183
-1.589351379,-0.894947836,-1.345082634,-2.069144955,-2.081821671,-1.738385499,-0.854637608,0.343426097,-0.828290825,-3.07315509,-0.74533926,-0.647698899
-0.20433741,-0.226247442,-0.414244656,-0.224544991,-0.247185476,-0.869697411,1.657986945,-0.680518601,-0.420591948,-1.126073305,1.17364198,-0.030251937
1.667630315,0.075955863,0.535160869,-0.333760293,-0.609115553,0.112159862,-0.213647641,-0.57199625,-0.306803017,0.045370377,-1.171546271,-0.109881754
-1.09932146,-0.831421259,-1.489462889,-0.547175413,0.2259364,1.944144552,-0.43425406,-0.10931823,-0.534687981,-0.835623313,-0.601793222,-0.228211037
-0.178620556,-2.050129181,-0.545473289,-1.409081487,0.693971889,-0.70564157,-1.382378615,-0.717460845,-1.693777179,-0.87276558,-0.691303987,-0.384326016
-0.844656818,0.165522078,-0.468020379,0.082840456,-0.717046778,-0.894268471,-1.106699994,0.789630164,-2.038089083,-0.482957375,-0.665632955,-0.356989671
0.266145844,0.935457784,0.574041918,-0.089067498,-1.435600134,0.127475888,-0.347821664,-1.10013231,-0.992867053,0.44858208,-0.161277886,0.390541631
-0.924841562,0.095567366,0.593036039,-1.248952764,0.788164314,0.639837097,0.404045075,0.125119263,-0.48728147,0.153410689,0.344656009,0.07684477
-0.133929945,0.962850543,0.651225881,1.770598162,1.276104884,0.001299975,0.800123494,-0.045523207,0.674142169,-0.646516203,0.147114662,0.256341738
0.849107037,-0.930946107,1.003898793,0.21477859,-0.089444221,-0.375984363,-0.292430127,0.185003185,-1.777305402,-0.450170711,-1.459981608,-0.42479235
-0.974545106,-1.30367636,-1.254030171,-1.585021175,-0.429080496,-0.237258992,-1.038452163,0.035451624,-0.178435117,-0.137757497,0.736937581,0.349181094
-0.802854971,-1.044634707,-1.18296485,0.145530233,-0.50263926,-0.524542399,-1.877828336,-0.451813571,-1.459817639,-1.417298719,-1.565017459,-2.654676938
-0.545950448,1.679377425,0.065660799,-0.006794994,-0.183347222,-0.177171625,-0.533466051,-0.058778623,-0.010863437,0.19361553,-0.049526998,-0.886770711
-0.102752343,-0.16082238,-1.222967279,-1.159502719,-0.031519428,1.140953395,0.449307409,-0.391485033,-0.134618792,-1.007591446,-0.273618271,-0.575092151
1.377638905,1.073141755,0.103047693,1.03179913,1.521880719,0.805953772,1.869148631,1.964597285,0.390304748,1.110653148,0.948851219,0.654579146
0.999077226,-0.356971036,1.369083826,0.161670881,-0.33685748,-1.138362817,-1.561658495,0.048339299,0.435135773,-0.60398602,0.545536525,0.570570871
-0.836601633,-1.703720732,-1.09953161,0.51944525,0.182310214,0.593426261,1.013507929,-0.135284319,0.12644984,2.107508362,2.254137278,1.493886968
0.321837314,0.381342687,0.103517465,0.109279622,0.699982529,-0.591709502,0.55320692,1.276484677,-0.101264951,-0.068472334,1.383107926,-0.151777052
1.764998806,2.032346322,0.90765414,1.132592743,0.944765046,0.445276506,-0.386559987,-0.032928314,0.777230205,-0.600498806,-0.243515727,-0.418247634
1.456865012,0.938934512,0.49278137,-0.01299944,-0.630770677,-0.348968445,-0.061674193,-0.040726677,-0.389031119,0.902502174,-1.369650281,0.370716066
-1.930129979,-0.396814913,-1.323309213,-0.882567713,0.691653941,1.091470056,-0.626951112,0.7053071,0.35900423,1.2319491,0.372647017,-0.619859951
0.880730803,0.850521483,0.363728596,0.954953075,0.682076478,0.432547111,-0.063316838,-0.524421836,-0.853265221,-0.194655679,-0.227236148,0.557225647
0.226105004,-0.157610315,-0.136008736,0.089788646,-0.063450499,-0.958170617,-0.303744013,-1.26738177,-0.394173406,-0.542841617,-0.046401315,-0.106936809
2.235195773,0.700072925,1.450813322,1.587230433,-0.628977129,-0.549255699,-1.050571549,-0.879885846,-0.681143085,-0.899346863,-0.735474055,-0.502502302
-0.844031099,0.038600463,-1.505759676,-2.522212645,-0.937995186,-1.260530073,-0.20535239,-0.612317357,-0.907213058,-0.241121973,0.360458489,-0.887406943
-0.72856782,-1.063047051,-0.215537077,-0.591714846,-0.525584214,-1.167083507,0.071697488,-0.765991919,-0.020333414,0.052354967,0.972925795,0.225002462
-0.238926732,0.020289994,-0.34268067,-0.02097953,-0.205033711,-0.261980115,-0.359095117,-0.75559761,-0.236170567,-0.025910663,1.175496317,1.214249298
-0.328515863,-1.160694069,-0.018892113,0.190018964,-0.696668021,0.026031186,0.141949083,-1.417965856,-0.687835292,-0.639937547,-1.631956162,-0.791856908
-0.642318919,-0.06912368,1.35554047,1.05204452,2.182440048,0.955717162,1.566329076,2.124314805,0.998689606,0.751236046,-0.246738164,-0.286864313
0.688184759,0.058057322,0.990941977,-0.790298424,1.492703868,0.159998455,0.175423196,0.698424115,0.302201813,1.447638473,0.766383113,0.849513223
-0.992097073,-0.56794813,-0.399984227,0.705287056,-0.044890736,0.19435614,1.490257784,0.496612509,0.854835229,1.189041235,-0.393380387,0.427523936
-0.026770458,-0.520541587,-0.225802233,-0.6988272,-0.063759523,1.060689889,0.510033467,0.420021016,0.761505587,-0.533856346,0.069257588,-0.903754519
-0.687708285,-1.352450191,-0.768300791,-1.304255309,-0.165578027,0.044808897,-0.427580493,-0.364582883,-0.567158544,-1.307592702,-1.210323286,-0.032193113
0.689704324,0.183649944,1.017567074,0.522886152,0.480528498,-1.198825008,0.214225751,1.165307157,0.411753561,-0.12440918,0.6931407,0.881522052
1.440823007,2.951798714,0.986167767,1.918936454,-0.131227112,-0.315581835,-0.244907896,0.278180746,-0.791635021,-0.48822852,-0.109199724,-0.535069467
0.879540564,-1.101507351,0.299114426,-0.401569461,-0.612920609,-0.382406947,0.333359608,-1.082354977,0.735701172,-1.090296214,-1.5610495,-1.709483488
0.652847043,0.766944025,0.971208479,1.368314724,-1.468353087,-0.4456058,-1.119845392,-1.67227304,0.609306217,0.924150646,0.82730444,-0.50022181
-0.302092262,0.46029753,0.285406746,-0.021815984,-0.618562827,0.417589685,1.045523959,0.809775719,0.536520038,0.418477188,0.805794422,0.125118132
-0.04814707,0.405076345,0.841858194,0.311751452,-1.043007292,0.689077598,-0.354445254,-0.648910478,0.514255017,0.520430595,0.185910021,-0.099757079
-0.212860069,0.668414666,-1.729946867,1.652288608,-0.266183245,-0.847797984,0.187667901,-0.715822637,-0.477086174,0.105304907,-0.002379739,-0.030404179
0.511846004,0.405903446,-0.710094067,-1.210270201,-0.575386539,-0.341473101,1.009217398,0.896690666,1.072533586,-1.167606127,-1.14405007,-0.855742695
0.612644581,-0.479667557,-0.174053119,-0.062967472,-1.056019441,-2.244421505,-1.246458922,-2.31664465,-0.074364257,0.365489577,1.821208538,-0.484432042
0.053597443,-0.367603499,-0.646761639,-1.249056957,1.966210894,2.687295127,2.209884313,1.750156562,-0.068252149,0.251303322,0.197453769,0.132972678
0.498287079,-0.080509735,-2.207182492,-0.478095386,1.497530959,0.414152474,2.881113859,1.931645618,-0.047050111,0.25410403,-1.104063418,0.521778565
0.888873457,-0.597561613,-0.883755139,0.958594876,0.712762415,1.37513589,1.158643061,-0.072058771,-0.306921852,0.148757653,0.003816783,-0.427971636
-0.426727181,-0.344611072,1.531643426,-0.139274,-0.752428586,-0.191676795,-1.174670702,-0.275807876,-0.479191073,0.539872769,-0.639302686,-1.04886436
0.624151372,1.796828929,-0.116583744,0.888345325,1.320750512,1.064769586,0.892149794,1.13560845,0.662368518,0.303157137,0.742718299,2.523743411
0.777569816,0.575515051,0.601539565,1.351083173,-0.071110813,-1.996459154,0.715441283,-0.578286657,0.076133366,0.829564391,0.084265589,1.884643551
-0.678303397,-1.845057235,-1.553764165,-0.487117449,-2.522149791,-0.716134056,-1.236735298,-0.427083249,-0.936722389,-1.434197983,-0.874319946,-0.465812781
-1.486949383,0.072112847,0.020335574,-1.408428861,-0.380606929,-0.53414311,-0.814026899,-0.672959935,1.001978739,0.785998649,0.718922009,2.157745414
0.367466794,-0.186592958,-1.594662143,-0.209612971,0.819986839,0.883555942,0.703966218,1.163700282,0.544443031,0.360734641,1.180698818,0.713571247
1.089934613,0.486746751,-1.020195818,-0.246951373,-0.158903453,1.053187979,0.376471201,-1.028893746,0.694387867,-0.054704175,-0.487904601,-0.338884791
0.829207188,0.586726333,0.60089667,0.457806377,-0.182885186,0.832043142,1.203709479,0.203773014,1.030270225,0.876010192,1.465585028,2.273480936
0.026735374,-0.21200784,1.569342804,1.099230496,-0.582022566,-0.368170805,-1.430791926,-1.007755865,0.041666607,-0.076094773,-0.001543832,0.233827359
-0.402321906,-2.741257954,-1.511082935,-1.428251891,-1.902011367,-2.231821622,-0.190973543,-1.292066696,0.004588546,-1.772177411,-0.344134677,-0.984712199
-0.955952891,-1.147017318,0.812886865,-0.255582253,-1.519148817,-0.810141746,-0.791240487,-1.322176899,0.507417969,-1.205635591,0.508281617,-1.304929141
1.437505421,-0.646021955,-0.021421457,1.821545682,-0.385382055,0.737766999,1.294554548,0.913994651,-0.23669201,-0.880610459,-0.805677597,0.137483708
-1.402785825,-1.875782386,-1.692959026,-2.041199648,-1.492786423,-2.905500979,-0.550807946,-0.5972622,-0.595075507,-0.621322848,0.30556009,-0.35352892
-0.014664407,1.379654001,-0.767137154,1.186571112,-1.195998162,0.164372778,-0.945316015,-0.802953903,0.305334195,0.068324804,0.296093737,-0.043566339
-0.490980346,0.603625239,-1.401263826,-0.990201145,0.566260918,0.548836837,1.222072394,0.332469572,-2.001548195,0.119839887,-1.386986895,-0.482485009
-1.096673162,-0.635399708,0.395215264,0.010027534,0.696886571,0.251531768,0.057761732,1.867106319,-0.103851037,0.695176098,-0.31988678,-1.342125804
-1.441267722,-1.285058671,-1.356737216,-0.734678786,-0.4833478,-1.631667198,-0.9099579,-1.450059341,-1.329275749,-0.254127675,-0.813304171,-0.850636992
-1.008458328,-0.394693681,-0.440328007,-0.807762359,0.431210394,0.289907235,0.588356972,-0.347677397,0.415903711,-1.114195584,-2.005640746,0.164926684
-0.712784622,-0.149598735,-0.331452597,-0.117781345,0.351708306,-0.692382633,0.583839222,0.149466994,2.465070759,1.815755443,1.259256691,0.647206945
1.469655322,1.391826332,0.702689791,-0.961230015,-1.443393661,-0.266083203,-0.911205827,-0.624953335,-0.200751595,0.639229632,-0.275981005,0.015547204
-1.526439987,-1.781143443,-3.491517622,-2.371226293,-0.986970255,-0.038218957,-1.661721097,0.061592573,0.031151305,-1.218180315,0.720430377,-0.796961681
0.045234155,-0.408559282,-0.599693887,-1.185834498,-1.007909332,-0.845324787,-0.999783411,0.793771861,-1.42592711,-0.072772704,-0.881570202,-0.585920907
0.377656667,0.692571866,0.184156523,0.054527561,1.487790534,0.363868804,0.605522524,-0.494418107,0.241338454,0.581810533,1.173924438,1.06919737
1.091978408,0.456071078,0.180158899,0.101852444,-0.591179334,-0.91433598,-1.046928413,-0.408674622,-0.46695368,1.120226507,0.503036817,1.47808462
0.255420532,-1.812203064,-0.526679177,-0.237360931,1.478639102,0.647045902,1.437270368,-0.04166059,-1.398298826,-1.083760222,-0.424848516,-0.941258345
1.481491319,-0.667871126,-0.145231762,-0.361407411,0.644742939,1.409603318,0.494136332,0.216667399,0.017463927,0.086332504,-0.760637131,0.660008126
0.583304539,-1.978544079,-0.0913414,-0.777671404,0.225697206,-1.221990846,-1.397418314,-1.619480008,-1.022381342,-0.481449205,-1.854719871,-2.025219431
0.295238196,0.673019378,0.91783241,0.212727505,0.670812099,-0.85874123,-0.436183472,-0.327115167,-0.084968694,-0.363655105,0.493911665,0.358885806
0.249387092,-0.034932443,0.399583502,-1.22748395,-0.804569995,0.67028155,0.4499738,0.607608718,-0.380461486,-0.253684796,0.099056618,0.69779531
0.473330793,0.342479224,0.789138967,-0.540040443,-0.231793366,-1.041524228,-0.395748409,-0.786599944,0.320467508,0.355351682,0.139721482,1.967966072
0.452507318,1.468158101,-0.951257121,0.832259565,1.068388622,-0.558935158,-0.511510712,-0.928430746,-0.34368496,0.86982505,1.286215249,0.383141874
0.57975282,-0.089470299,0.686608894,-0.365530159,-0.730232521,0.005208614,-0.201531134,-0.181773389,1.15704181,-0.034374459,0.584898493,1.025960745
-0.966411204,0.255599817,1.639381237,-0.587283573,0.242002097,-0.768429608,-1.910625769,-0.995777955,-0.586972614,-0.510373155,-0.218003949,-0.63834673
-1.135876722,-0.013530926,0.603691548,-0.602259614,-0.794869553,-0.585506044,-0.864020825,0.468693792,0.975225747,0.07813335,-0.138703871,0.828067603
1.047422259,1.126246049,-0.167917862,0.551863907,-0.49055058,0.021198764,0.566548628,-1.139872889,-1.063215913,-0.083811128,-0.27911073,-1.274334094
0.720501278,1.374843289,0.947393259,0.395579624,-1.519277451,-1.663665765,0.159423352,-1.000082413,-0.027996039,-0.510111764,1.335620192,1.259655262
0.273861791,0.439292868,0.196422668,0.773427463,-0.132373843,-0.3083631,0.979089643,1.561638229,-0.315429431,-2.112198202,-0.960463855,0.522676407
0.102986746,0.22870801,0.317722692,0.324108541,1.008070378,0.808031877,0.129319325,0.740936226,0.672298982,0.169315173,0.481657292,1.00604467
-0.692513379,0.669858436,0.669696716,0.875277117,-0.347633888,0.378547592,0.263170607,1.317248023,1.881118953,0.717131421,0.769137661,0.200113825
1.478838451,-0.199229406,-0.050043355,0.299524261,0.686457499,1.867855655,0.577830056,1.730254554,1.456365891,2.388240684,1.208885079,2.097378075
-1.27262957,0.510260177,0.661944637,-1.711390903,2.098342164,0.26234124,0.787410602,-0.152680283,-1.269574418,-0.460484017,-0.211317462,0.594835483
-0.465653736,-0.169491376,0.233109638,-0.091461845,0.748835649,1.830648782,2.039234087,1.083627189,-0.943189091,-0.05978177,0.016904639,1.310667725
0.907478168,0.493802839,0.955859643,0.301386542,-0.550140052,1.194199432,0.473019657,-0.036749093,0.500079023,-0.767734777,-0.590298297,-0.066638098
-0.793668024,-0.697066687,-0.53568669,-0.851390468,0.104695858,0.516205591,-0.741941548,0.857363607,-0.461473354,-0.337272897,-0.127147147,-0.008042048
-0.401234312,1.261161351,0.488661112,0.1106301,-0.767577778,-2.007056257,-1.578257419,-0.919100651,-0.111524836,-0.541269128,-0.719698795,-0.798427325
0.787714202,1.030791844,0.428287584,1.624228879,1.279923739,2.064683908,0.23611496,1.70026246,1.673831683,-0.250294794,1.27327938,0.449531918
-0.007483421,2.269070522,2.018509619,1.837472877,-0.296084562,-0.392464054,-0.264459554,-0.511860298,0.194485989,0.552505017,0.268852416,-0.364497073
-0.292088598,-0.79837623,-0.206286868,-1.193660639,-0.863839975,-0.674215124,0.257465073,0.573912328,-0.610996294,-0.184771404,-0.134930835,-0.608301622
-0.582764039,-0.336928905,0.936079821,1.037074785,-1.058618038,-0.517360292,-1.147020783,-0.159842373,-0.071219363,1.447104009,-0.921780528,0.203070925
-1.496911531,-2.469490248,-0.76812995,-1.352503107,-1.715961803,-0.346027507,0.034713354,-2.061128339,0.395354181,-1.806452114,-1.891239808,-2.738465915
0.034625775,0.45062183,-0.610064539,-0.079878648,-0.734900024,-0.256107027,-0.432353545,0.574274457,-1.239755636,-1.058317753,-1.440355159,-1.633634927
0.24969018,-1.705543525,-0.17953121,-0.36657152,-1.44375184,-1.74680544,-2.075013535,-1.559766123,-0.576682131,-0.058721238,0.910052783,-0.629256428
1.057566095,-0.645763537,-0.175770659,-0.490967464,-0.044918412,0.132495187,-0.607388326,-0.158848615,-0.016480271,-0.38971074,-0.604558907,0.442838322
0.045283028,-0.288653335,-0.186054609,-0.60838473,0.205356584,0.222018283,0.275464024,1.595691922,0.590325501,0.981455704,0.333051131,0.445852775
0.910562967,0.337540479,0.288127585,0.680032417,0.519544503,0.883658024,0.933881768,0.3154101,-1.044579756,-0.61686587,-0.607974849,-0.504975936
0.180489303,1.150077202,-0.236900297,-1.164355033,0.786905522,0.652640017,0.589299075,0.211455569,1.341618626,0.784108856,1.648426743,1.461664935
-1.040353955,-0.201066008,0.814274463,0.341062258,-0.197929838,-1.796759758,-0.149609676,-0.410954073,1.110976951,-0.551305233,-1.772735533,0.163024027
0.336251488,0.526629401,0.377216868,0.721661699,-2.183181857,0.478374522,-0.740218775,0.028525496,1.487950563,0.35907754,0.072156084,-0.763176065
-0.116410764,-0.174596418,0.98771864,-1.013282173,2.778500964,1.932596182,2.032317758,1.94459882,0.773017249,-0.340638689,0.02849268,-1.548882858
1.094699239,0.777436203,-0.108581195,2.262460092,0.485404906,0.3688128,0.511120397,-0.361881213,0.492433074,0.419724256,-0.087982591,0.656532901
0.150636116,-0.115166369,0.694400257,1.165357632,-0.635523979,0.948978395,-0.321739725,-1.715990131,-0.294159611,0.137066905,-1.592688507,-0.14773383
-1.255667089,-0.199666647,-0.977129437,-1.329814654,-0.516456598,-0.706136782,0.43236464,-0.98812607,-0.902409866,0.673733687,-1.035351013,-2.554158164
-0.393037791,0.774071983,1.227302407,0.270658916,0.831377064,0.42819326,2.052735808,-0.567387057,-0.054217639,-1.109776584,-0.027460913,-1.183947449
-1.031936627,-0.35434563,-0.276486054,-1.118802374,-0.382575306,-0.479696234,0.549684562,-0.517193268,0.845993058,1.371315065,1.15526479,-0.334055165
0.392095896,-0.792472995,0.263369005,-1.744754972,-0.512869223,-0.913645218,-0.245486969,-1.311671651,-0.392718538,-0.629241724,-0.881553461,0.008902434
1.250892637,-1.647291444,-0.356148208,-0.834372268,1.29449373,0.214967686,0.53205604,0.499158266,-0.251752773,0.574016273,0.865495515,0.181252863
-1.457438718,-0.947441553,-0.097714649,-0.335578152,-0.620997846,-0.259773597,-0.539785977,-1.326925393,-0.109282461,-0.095572581,-1.242094562,-0.812067742
-0.954026892,-0.912002945,-0.886021811,-1.263180319,-0.224873216,0.874697376,-1.707369649,0.480704808,0.186089357,-0.003825546,0.432570519,0.072364946
-1.002670748,-2.210456276,-0.618752658,-1.344884739,0.00697226,-1.02440644,-0.334540577,-0.050904845,-1.24097532,-0.384611996,0.697769595,-1.251113213
-3.002702237,-1.389950365,-2.403672872,-2.789904984,-1.764244013,-0.66368169,-0.673791689,-1.402735694,-1.891728062,-0.754091307,-1.984824003,-2.522490971
0.759886438,1.830840991,0.664154909,0.442583538,-0.367454515,0.833678736,0.005405562,-0.673389252,0.326793792,0.799413542,-0.200219358,-0.094255461
-0.706259877,-1.282653279,-0.35707905,-2.415063659,-1.775872348,-0.847924089,-1.669896549,-0.156151832,2.846253293,0.253272278,1.968496833,0.572061894
-0.272109686,-0.171650448,0.598656974,-0.990484352,-0.14995013,-1.301535658,-0.476737762,-0.690006494,-0.907091689,0.153831598,0.275244257,-1.590976276
-0.499589605,-0.651345223,-0.541424224,-2.175686267,1.098049762,1.21090245,1.862712456,0.820415409,-1.243675627,-0.199117979,0.685212032,-0.024615382
-0.33422635,0.468371333,0.341327376,-0.210089824,-0.627796847,1.606435728,0.599203489,0.489975166,-0.072313598,-1.12180766,0.232588609,-0.594153993
-0.933099157,-0.071542199,0.362537874,1.044887541,1.773131237,2.017265715,1.980670547,2.039106554,0.696398735,-0.055164918,0.028505183,-0.745155582
0.764337095,1.850600443,-0.121875369,0.265731485,0.271294687,-0.524726021,-0.149511712,0.879190866,0.689303833,0.377623523,-0.443090195,-0.49065864
-0.323557707,-2.311383311,-0.274169891,-1.118001957,-2.214619425,-1.281785763,-1.483654774,-0.257605001,-0.997092349,0.465349264,-1.453316641,-1.397921156
-0.569703368,0.17913809,-0.91708316,-0.39906441,-0.198788128,0.704747984,0.680069331,0.604780152,-0.081102531,0.967249763,-1.262584034,0.414921209
-0.779013456,-1.240034929,-0.439471018,-0.262163719,-0.604485033,-0.265433895,0.102555722,-0.480583585,-1.40796825,-0.198061679,-0.718791568,-0.416767058
1.315258228,1.640818728,2.045234254,1.901959372,0.418064421,-1.46286254,0.649785699,0.411996875,0.732570132,-0.306049417,-0.734377459,-0.614561635
0.804917209,-1.028941629,-0.949208123,0.524168782,0.207168232,0.467303857,-0.50525815,0.024154494,1.704696377,1.549712022,0.381866078,1.459282771
-1.193327728,-0.303022995,-0.345757913,-1.731306462,-1.520408023,0.520944711,1.438917381,0.025360691,-0.561027989,-1.23021654,-1.253934891,-1.611808345
-0.923597175,-0.746414542,0.216039388,0.034744727,0.68901491,-0.807970234,-0.244742999,-0.167809169,0.70958184,-0.921385112,-0.056361034,0.678294296
-2.115573702,-2.53818602,-1.750802772,-2.732915064,-0.882367241,-1.284324958,-0.695518566,-0.119475009,0.713895496,0.782496713,0.661843117,-0.330274371
1.847156698,1.412261885,1.928543488,0.688877557,2.04204512,1.095254702,1.345878971,2.239805607,0.93520113,0.133076451,-0.125287983,-0.302333239
-0.609192105,0.69848486,-0.572883409,-0.700464275,-0.11419376,-0.458980726,-0.612827959,-1.125336778,0.677642943,-0.105687379,-0.367953421,0.591755466
-0.374129177,-0.140573999,-1.187464951,-0.554420839,-1.48599764,-0.051418745,-0.484390052,-3.038356987,0.132325651,-1.848411608,-0.18081101,-1.356181409
1.225052916,-0.334601374,1.051609361,1.725378938,1.237606531,0.693139496,0.017524454,-0.133170862,0.911295721,1.357097382,2.635783268,3.728521575
0.315159144,0.250598939,0.152963705,-0.121181448,2.192256856,2.062558343,2.784928977,1.503751574,-1.181429754,0.644205695,-0.005869635,0.424236672
1.146169197,1.435790642,1.0815236,1.827356192,-0.999761964,0.425084652,-0.772240059,-0.825966817,0.409558836,-0.518616169,-0.404264392,-0.623109302
0.331616558,-0.784811304,-0.390309995,-0.36183514,-1.713092184,-0.838564815,-1.103790532,0.792261778,0.119754194,-0.077027503,-1.180648947,-0.419753627
-1.146378664,-0.20935514,-0.62021502,0.419409108,-0.89090346,-1.220563676,-0.266720671,-0.316917474,-0.627308849,-1.167503047,-1.399763247,-1.72269445
-1.861489249,-1.638975816,-2.626416608,-1.426748766,-2.403864453,-0.085503594,-0.946740955,-1.755640052,0.882663008,-0.891177297,-0.871241781,0.145162093
-0.89268656,-0.446163633,-1.022684077,-0.26310242,0.473619434,-0.079855998,-0.569440256,0.56779183,-0.901956132,-0.991347859,-2.344980626,0.138874322
0.358777887,0.238877415,0.531703263,1.349411377,-1.177516715,0.770151647,0.01609745,-1.553738642,-0.44517514,-0.416454676,0.1170162,0.018387274
1.086248977,-0.832417543,-0.448541928,-0.596640945,0.202197628,1.248754838,0.555273417,0.949929265,-0.655066941,-0.424713607,-1.284410819,-0.500285438
1.491078021,0.102883092,1.308146795,1.595501367,0.517292281,-0.15565445,0.880904454,-0.529464286,0.93399681,0.222058902,0.99694244,0.321152195
-0.316199802,-0.570876067,1.807726307,-0.4363124,0.153408299,-0.570078265,-0.623605159,1.569372654,-0.225297572,0.414069672,0.551931195,0.217180287
